Machine Name,Netzsch TG 209F1 Libra ,,P35,,,P40,,,P45,
,Nitrogen flow (at a rate of 50 mL.min−1) between 25 °C and 600 °C at a heating rate of 10 °C min−1,,Temperature / °C,Weight  / %,,Temperature / °C,Weight  / %,,Temperature / °C,Weight  / %
,,,25.80,100.13,,26.07,100.09,,24.09,100.09
,,,26.80,100.13,,27.07,100.12,,25.09,100.11
,,,27.80,100.13,,28.07,100.13,,26.09,100.12
,,,28.80,100.13,,29.07,100.13,,27.09,100.12
,,,29.80,100.13,,30.07,100.13,,28.09,100.13
,,,30.80,100.13,,31.07,100.13,,29.09,100.13
,,,31.80,100.13,,32.07,100.14,,30.09,100.13
,,,32.80,100.13,,33.07,100.14,,31.09,100.13
,,,33.80,100.13,,34.07,100.14,,32.09,100.12
,,,34.80,100.13,,35.07,100.14,,33.09,100.13
,,,35.80,100.13,,36.07,100.14,,34.09,100.13
,,,36.80,100.13,,37.07,100.14,,35.09,100.13
,,,37.80,100.13,,38.07,100.14,,36.09,100.13
,,,38.80,100.13,,39.07,100.14,,37.09,100.13
,,,39.80,100.12,,40.07,100.14,,38.09,100.12
,,,40.80,100.12,,41.07,100.14,,39.09,100.12
,,,41.80,100.11,,42.07,100.14,,40.09,100.12
,,,42.80,100.11,,43.07,100.14,,41.09,100.11
,,,43.80,100.11,,44.07,100.14,,42.09,100.11
,,,44.80,100.10,,45.07,100.13,,43.09,100.11
,,,45.80,100.10,,46.07,100.13,,44.09,100.10
,,,46.80,100.09,,47.07,100.13,,45.09,100.10
,,,47.80,100.09,,48.07,100.12,,46.09,100.10
,,,48.80,100.09,,49.07,100.12,,47.09,100.09
,,,49.80,100.08,,50.07,100.12,,48.09,100.09
,,,50.80,100.08,,51.07,100.11,,49.09,100.08
,,,51.80,100.07,,52.07,100.11,,50.09,100.08
,,,52.80,100.07,,53.07,100.11,,51.09,100.08
,,,53.80,100.07,,54.07,100.10,,52.09,100.07
,,,54.80,100.06,,55.07,100.10,,53.09,100.07
,,,55.80,100.06,,56.07,100.09,,54.09,100.06
,,,56.80,100.05,,57.07,100.09,,55.09,100.06
,,,57.80,100.05,,58.07,100.09,,56.09,100.05
,,,58.80,100.05,,59.07,100.08,,57.09,100.05
,,,59.80,100.04,,60.07,100.08,,58.09,100.04
,,,60.80,100.04,,61.07,100.07,,59.09,100.04
,,,61.80,100.03,,62.07,100.07,,60.09,100.03
,,,62.80,100.03,,63.07,100.06,,61.09,100.03
,,,63.80,100.02,,64.07,100.06,,62.09,100.02
,,,64.80,100.02,,65.07,100.05,,63.09,100.02
,,,65.80,100.01,,66.07,100.05,,64.09,100.01
,,,66.80,100.01,,67.07,100.05,,65.09,100.01
,,,67.80,100.00,,68.07,100.04,,66.09,100.00
,,,68.80,100.00,,69.07,100.04,,67.09,99.99
,,,69.80,99.99,,70.07,100.04,,68.09,99.99
,,,70.80,99.99,,71.07,100.04,,69.09,99.98
,,,71.80,99.98,,72.07,100.04,,70.09,99.98
,,,72.80,99.98,,73.07,100.03,,71.09,99.97
,,,73.80,99.97,,74.07,100.03,,72.09,99.96
,,,74.80,99.97,,75.07,100.03,,73.09,99.96
,,,75.80,99.96,,76.07,100.03,,74.09,99.95
,,,76.80,99.96,,77.07,100.03,,75.09,99.95
,,,77.80,99.95,,78.07,100.03,,76.09,99.94
,,,78.80,99.95,,79.07,100.02,,77.09,99.93
,,,79.80,99.94,,80.07,100.02,,78.09,99.93
,,,80.80,99.94,,81.07,100.02,,79.09,99.92
,,,81.80,99.93,,82.07,100.02,,80.09,99.91
,,,82.80,99.92,,83.07,100.01,,81.09,99.91
,,,83.80,99.92,,84.07,100.01,,82.09,99.90
,,,84.80,99.91,,85.07,100.01,,83.09,99.89
,,,85.80,99.90,,86.07,100.00,,84.09,99.88
,,,86.80,99.90,,87.07,99.99,,85.09,99.88
,,,87.80,99.89,,88.07,99.99,,86.09,99.87
,,,88.80,99.89,,89.07,99.98,,87.09,99.86
,,,89.80,99.88,,90.07,99.98,,88.09,99.85
,,,90.80,99.87,,91.07,99.97,,89.09,99.85
,,,91.80,99.87,,92.07,99.97,,90.09,99.84
,,,92.80,99.86,,93.07,99.96,,91.09,99.83
,,,93.80,99.85,,94.07,99.95,,92.09,99.82
,,,94.80,99.85,,95.07,99.95,,93.09,99.81
,,,95.80,99.84,,96.07,99.94,,94.09,99.81
,,,96.80,99.83,,97.07,99.94,,95.09,99.80
,,,97.80,99.83,,98.07,99.93,,96.09,99.79
,,,98.80,99.82,,99.07,99.92,,97.09,99.78
,,,99.80,99.81,,100.07,99.92,,98.09,99.77
,,,100.80,99.81,,101.07,99.91,,99.09,99.76
,,,101.80,99.80,,102.07,99.91,,100.09,99.76
,,,102.80,99.79,,103.07,99.90,,101.09,99.75
,,,103.80,99.79,,104.07,99.90,,102.09,99.74
,,,104.80,99.78,,105.07,99.89,,103.09,99.73
,,,105.80,99.77,,106.07,99.88,,104.09,99.72
,,,106.80,99.77,,107.07,99.88,,105.09,99.71
,,,107.80,99.76,,108.07,99.87,,106.09,99.70
,,,108.80,99.75,,109.07,99.86,,107.09,99.69
,,,109.80,99.74,,110.07,99.86,,108.09,99.68
,,,110.80,99.74,,111.07,99.85,,109.09,99.67
,,,111.80,99.73,,112.07,99.84,,110.09,99.66
,,,112.80,99.72,,113.07,99.84,,111.09,99.64
,,,113.80,99.71,,114.07,99.83,,112.09,99.63
,,,114.80,99.70,,115.07,99.82,,113.09,99.62
,,,115.80,99.70,,116.07,99.81,,114.09,99.61
,,,116.80,99.69,,117.07,99.80,,115.09,99.59
,,,117.80,99.68,,118.07,99.80,,116.09,99.58
,,,118.80,99.67,,119.07,99.79,,117.09,99.57
,,,119.80,99.66,,120.07,99.78,,118.09,99.55
,,,120.80,99.65,,121.07,99.77,,119.09,99.54
,,,121.80,99.64,,122.07,99.76,,120.09,99.52
,,,122.80,99.63,,123.07,99.75,,121.09,99.51
,,,123.80,99.62,,124.07,99.75,,122.09,99.49
,,,124.80,99.61,,125.07,99.74,,123.09,99.48
,,,125.80,99.60,,126.07,99.73,,124.09,99.46
,,,126.80,99.59,,127.07,99.72,,125.09,99.44
,,,127.80,99.58,,128.07,99.71,,126.09,99.43
,,,128.80,99.56,,129.07,99.70,,127.09,99.41
,,,129.80,99.55,,130.07,99.69,,128.09,99.39
,,,130.80,99.54,,131.07,99.68,,129.09,99.37
,,,131.80,99.53,,132.07,99.67,,130.09,99.35
,,,132.80,99.51,,133.07,99.66,,131.09,99.34
,,,133.80,99.50,,134.07,99.65,,132.09,99.32
,,,134.80,99.49,,135.07,99.64,,133.09,99.30
,,,135.80,99.47,,136.07,99.63,,134.09,99.27
,,,136.80,99.46,,137.07,99.62,,135.09,99.25
,,,137.80,99.44,,138.07,99.60,,136.09,99.23
,,,138.80,99.43,,139.07,99.59,,137.09,99.21
,,,139.80,99.41,,140.07,99.58,,138.09,99.18
,,,140.80,99.39,,141.07,99.57,,139.09,99.16
,,,141.80,99.38,,142.07,99.55,,140.09,99.13
,,,142.80,99.36,,143.07,99.54,,141.09,99.10
,,,143.80,99.34,,144.07,99.52,,142.09,99.08
,,,144.80,99.32,,145.07,99.51,,143.09,99.05
,,,145.80,99.30,,146.07,99.49,,144.09,99.02
,,,146.80,99.28,,147.07,99.48,,145.09,98.98
,,,147.80,99.25,,148.07,99.46,,146.09,98.95
,,,148.80,99.23,,149.07,99.44,,147.09,98.92
,,,149.80,99.21,,150.07,99.43,,148.09,98.88
,,,150.80,99.18,,151.07,99.41,,149.09,98.85
,,,151.80,99.16,,152.07,99.39,,150.09,98.81
,,,152.80,99.13,,153.07,99.37,,151.09,98.77
,,,153.80,99.10,,154.07,99.35,,152.09,98.73
,,,154.80,99.07,,155.07,99.33,,153.09,98.68
,,,155.80,99.04,,156.07,99.30,,154.09,98.64
,,,156.80,99.01,,157.07,99.28,,155.09,98.59
,,,157.80,98.98,,158.07,99.26,,156.09,98.55
,,,158.80,98.95,,159.07,99.23,,157.09,98.50
,,,159.80,98.92,,160.07,99.21,,158.09,98.45
,,,160.80,98.88,,161.07,99.18,,159.09,98.39
,,,161.80,98.85,,162.07,99.16,,160.09,98.34
,,,162.80,98.81,,163.07,99.13,,161.09,98.29
,,,163.80,98.78,,164.07,99.10,,162.09,98.23
,,,164.80,98.74,,165.07,99.07,,163.09,98.17
,,,165.80,98.70,,166.07,99.04,,164.09,98.11
,,,166.80,98.66,,167.07,99.01,,165.09,98.05
,,,167.80,98.62,,168.07,98.98,,166.09,97.99
,,,168.80,98.58,,169.07,98.95,,167.09,97.92
,,,169.80,98.54,,170.07,98.92,,168.09,97.86
,,,170.80,98.49,,171.07,98.88,,169.09,97.79
,,,171.80,98.45,,172.07,98.85,,170.09,97.72
,,,172.80,98.41,,173.07,98.82,,171.09,97.65
,,,173.80,98.36,,174.07,98.79,,172.09,97.58
,,,174.80,98.32,,175.07,98.75,,173.09,97.51
,,,175.80,98.27,,176.07,98.72,,174.09,97.44
,,,176.80,98.23,,177.07,98.69,,175.09,97.37
,,,177.80,98.18,,178.07,98.66,,176.09,97.30
,,,178.80,98.14,,179.07,98.63,,177.09,97.23
,,,179.80,98.09,,180.07,98.59,,178.09,97.16
,,,180.80,98.05,,181.07,98.56,,179.09,97.09
,,,181.80,98.00,,182.07,98.53,,180.09,97.02
,,,182.80,97.96,,183.07,98.50,,181.09,96.95
,,,183.80,97.92,,184.07,98.47,,182.09,96.89
,,,184.80,97.88,,185.07,98.44,,183.09,96.82
,,,185.80,97.84,,186.07,98.41,,184.09,96.76
,,,186.80,97.80,,187.07,98.38,,185.09,96.69
,,,187.80,97.76,,188.07,98.36,,186.09,96.63
,,,188.80,97.73,,189.07,98.33,,187.09,96.57
,,,189.80,97.69,,190.07,98.30,,188.09,96.52
,,,190.80,97.66,,191.07,98.27,,189.09,96.47
,,,191.80,97.62,,192.07,98.25,,190.09,96.41
,,,192.80,97.59,,193.07,98.22,,191.09,96.36
,,,193.80,97.56,,194.07,98.20,,192.09,96.31
,,,194.80,97.53,,195.07,98.17,,193.09,96.27
,,,195.80,97.50,,196.07,98.15,,194.09,96.22
,,,196.80,97.47,,197.07,98.13,,195.09,96.18
,,,197.80,97.44,,198.07,98.10,,196.09,96.14
,,,198.80,97.41,,199.07,98.08,,197.09,96.10
,,,199.80,97.39,,200.07,98.06,,198.09,96.06
,,,200.80,97.36,,201.07,98.04,,199.09,96.02
,,,201.80,97.33,,202.07,98.02,,200.09,95.99
,,,202.80,97.31,,203.07,98.00,,201.09,95.96
,,,203.80,97.29,,204.07,97.98,,202.09,95.92
,,,204.80,97.26,,205.07,97.96,,203.09,95.89
,,,205.80,97.24,,206.07,97.94,,204.09,95.86
,,,206.80,97.22,,207.07,97.92,,205.09,95.83
,,,207.80,97.19,,208.07,97.90,,206.09,95.80
,,,208.80,97.17,,209.07,97.88,,207.09,95.77
,,,209.80,97.15,,210.07,97.87,,208.09,95.74
,,,210.80,97.13,,211.07,97.85,,209.09,95.71
,,,211.80,97.11,,212.07,97.83,,210.09,95.68
,,,212.80,97.09,,213.07,97.81,,211.09,95.65
,,,213.80,97.07,,214.07,97.79,,212.09,95.63
,,,214.80,97.05,,215.07,97.78,,213.09,95.60
,,,215.80,97.03,,216.07,97.76,,214.09,95.57
,,,216.80,97.01,,217.07,97.74,,215.09,95.55
,,,217.80,96.99,,218.07,97.72,,216.09,95.52
,,,218.80,96.97,,219.07,97.70,,217.09,95.49
,,,219.80,96.95,,220.07,97.68,,218.09,95.47
,,,220.80,96.94,,221.07,97.66,,219.09,95.44
,,,221.80,96.92,,222.07,97.64,,220.09,95.42
,,,222.80,96.90,,223.07,97.62,,221.09,95.39
,,,223.80,96.88,,224.07,97.60,,222.09,95.37
,,,224.80,96.86,,225.07,97.58,,223.09,95.34
,,,225.80,96.84,,226.07,97.56,,224.09,95.32
,,,226.80,96.82,,227.07,97.54,,225.09,95.29
,,,227.80,96.80,,228.07,97.52,,226.09,95.26
,,,228.80,96.78,,229.07,97.49,,227.09,95.24
,,,229.80,96.76,,230.07,97.47,,228.09,95.21
,,,230.80,96.74,,231.07,97.45,,229.09,95.18
,,,231.80,96.72,,232.07,97.42,,230.09,95.16
,,,232.80,96.70,,233.07,97.40,,231.09,95.13
,,,233.80,96.68,,234.07,97.37,,232.09,95.10
,,,234.80,96.65,,235.07,97.34,,233.09,95.07
,,,235.80,96.63,,236.07,97.32,,234.09,95.05
,,,236.80,96.61,,237.07,97.29,,235.09,95.02
,,,237.80,96.59,,238.07,97.26,,236.09,94.99
,,,238.80,96.56,,239.07,97.23,,237.09,94.96
,,,239.80,96.54,,240.07,97.20,,238.09,94.92
,,,240.80,96.51,,241.07,97.17,,239.09,94.89
,,,241.80,96.48,,242.07,97.14,,240.09,94.86
,,,242.80,96.45,,243.07,97.10,,241.09,94.82
,,,243.80,96.42,,244.07,97.07,,242.09,94.79
,,,244.80,96.39,,245.07,97.03,,243.09,94.75
,,,245.80,96.36,,246.07,97.00,,244.09,94.71
,,,246.80,96.33,,247.07,96.96,,245.09,94.67
,,,247.80,96.30,,248.07,96.92,,246.09,94.63
,,,248.80,96.26,,249.07,96.88,,247.09,94.59
,,,249.80,96.22,,250.07,96.83,,248.09,94.55
,,,250.80,96.18,,251.07,96.79,,249.09,94.50
,,,251.80,96.14,,252.07,96.74,,250.09,94.45
,,,252.80,96.09,,253.07,96.69,,251.09,94.40
,,,253.80,96.04,,254.07,96.64,,252.09,94.34
,,,254.80,95.99,,255.07,96.58,,253.09,94.28
,,,255.80,95.94,,256.07,96.52,,254.09,94.22
,,,256.80,95.88,,257.07,96.45,,255.09,94.16
,,,257.80,95.81,,258.07,96.38,,256.09,94.08
,,,258.80,95.74,,259.07,96.31,,257.09,94.01
,,,259.80,95.66,,260.07,96.22,,258.09,93.92
,,,260.80,95.58,,261.07,96.13,,259.09,93.83
,,,261.80,95.48,,262.07,96.04,,260.09,93.74
,,,262.80,95.38,,263.07,95.93,,261.09,93.63
,,,263.80,95.27,,264.07,95.81,,262.09,93.52
,,,264.80,95.15,,265.07,95.69,,263.09,93.39
,,,265.80,95.02,,266.07,95.55,,264.09,93.26
,,,266.80,94.87,,267.07,95.40,,265.09,93.11
,,,267.80,94.71,,268.07,95.24,,266.09,92.94
,,,268.80,94.54,,269.07,95.06,,267.09,92.77
,,,269.80,94.35,,270.07,94.86,,268.09,92.58
,,,270.80,94.15,,271.07,94.65,,269.09,92.36
,,,271.80,93.93,,272.07,94.41,,270.09,92.12
,,,272.80,93.69,,273.07,94.16,,271.09,91.87
,,,273.80,93.44,,274.07,93.88,,272.09,91.58
,,,274.80,93.18,,275.07,93.58,,273.09,91.27
,,,275.80,92.92,,276.07,93.25,,274.09,90.92
,,,276.80,92.64,,277.07,92.91,,275.09,90.54
,,,277.80,92.37,,278.07,92.55,,276.09,90.12
,,,278.80,92.09,,279.07,92.17,,277.09,89.66
,,,279.80,91.82,,280.07,91.78,,278.09,89.16
,,,280.80,91.55,,281.07,91.39,,279.09,88.64
,,,281.80,91.29,,282.07,90.99,,280.09,88.09
,,,282.80,91.04,,283.07,90.59,,281.09,87.53
,,,283.80,90.79,,284.07,90.19,,282.09,86.98
,,,284.80,90.56,,285.07,89.80,,283.09,86.41
,,,285.80,90.34,,286.07,89.43,,284.09,85.86
,,,286.80,90.13,,287.07,89.06,,285.09,85.31
,,,287.80,89.93,,288.07,88.71,,286.09,84.78
,,,288.80,89.75,,289.07,88.38,,287.09,84.28
,,,289.80,89.57,,290.07,88.05,,288.09,83.81
,,,290.80,89.41,,291.07,87.75,,289.09,83.36
,,,291.80,89.25,,292.07,87.46,,290.09,82.92
,,,292.80,89.10,,293.07,87.19,,291.09,82.49
,,,293.80,88.95,,294.07,86.93,,292.09,82.09
,,,294.80,88.81,,295.07,86.68,,293.09,81.70
,,,295.80,88.68,,296.07,86.45,,294.09,81.35
,,,296.80,88.53,,297.07,86.23,,295.09,81.02
,,,297.80,88.39,,298.07,86.02,,296.09,80.73
,,,298.80,88.24,,299.07,85.81,,297.09,80.47
,,,299.80,88.08,,300.07,85.61,,298.09,80.22
,,,300.80,87.92,,301.07,85.40,,299.09,79.98
,,,301.80,87.75,,302.07,85.19,,300.09,79.74
,,,302.80,87.58,,303.07,84.97,,301.09,79.50
,,,303.80,87.40,,304.07,84.75,,302.09,79.25
,,,304.80,87.21,,305.07,84.52,,303.09,79.00
,,,305.80,87.02,,306.07,84.29,,304.09,78.75
,,,306.80,86.82,,307.07,84.05,,305.09,78.50
,,,307.80,86.61,,308.07,83.80,,306.09,78.24
,,,308.80,86.40,,309.07,83.55,,307.09,77.98
,,,309.80,86.19,,310.07,83.28,,308.09,77.71
,,,310.80,85.96,,311.07,83.01,,309.09,77.43
,,,311.80,85.73,,312.07,82.73,,310.09,77.14
,,,312.80,85.50,,313.07,82.45,,311.09,76.85
,,,313.80,85.25,,314.07,82.15,,312.09,76.55
,,,314.80,85.00,,315.07,81.85,,313.09,76.25
,,,315.80,84.73,,316.07,81.54,,314.09,75.93
,,,316.80,84.46,,317.07,81.22,,315.09,75.61
,,,317.80,84.18,,318.07,80.89,,316.09,75.28
,,,318.80,83.88,,319.07,80.54,,317.09,74.94
,,,319.80,83.58,,320.07,80.19,,318.09,74.59
,,,320.80,83.26,,321.07,79.83,,319.09,74.23
,,,321.80,82.93,,322.07,79.46,,320.09,73.86
,,,322.80,82.59,,323.07,79.07,,321.09,73.48
,,,323.80,82.23,,324.07,78.68,,322.09,73.09
,,,324.80,81.87,,325.07,78.27,,323.09,72.69
,,,325.80,81.49,,326.07,77.85,,324.09,72.28
,,,326.80,81.09,,327.07,77.41,,325.09,71.86
,,,327.80,80.69,,328.07,76.97,,326.09,71.42
,,,328.80,80.26,,329.07,76.51,,327.09,70.98
,,,329.80,79.82,,330.07,76.04,,328.09,70.52
,,,330.80,79.37,,331.07,75.56,,329.09,70.05
,,,331.80,78.90,,332.07,75.06,,330.09,69.56
,,,332.80,78.42,,333.07,74.55,,331.09,69.06
,,,333.80,77.92,,334.07,74.02,,332.09,68.55
,,,334.80,77.40,,335.07,73.48,,333.09,68.03
,,,335.80,76.87,,336.07,72.93,,334.09,67.49
,,,336.80,76.32,,337.07,72.37,,335.09,66.94
,,,337.80,75.74,,338.07,71.78,,336.09,66.38
,,,338.80,75.15,,339.07,71.19,,337.09,65.80
,,,339.80,74.54,,340.07,70.58,,338.09,65.20
,,,340.80,73.91,,341.07,69.95,,339.09,64.58
,,,341.80,73.25,,342.07,69.30,,340.09,63.95
,,,342.80,72.56,,343.07,68.63,,341.09,63.30
,,,343.80,71.86,,344.07,67.93,,342.09,62.63
,,,344.80,71.13,,345.07,67.22,,343.09,61.93
,,,345.80,70.37,,346.07,66.48,,344.09,61.22
,,,346.80,69.57,,347.07,65.72,,345.09,60.48
,,,347.80,68.77,,348.07,64.94,,346.09,59.72
,,,348.80,67.94,,349.07,64.11,,347.09,58.93
,,,349.80,67.08,,350.07,63.26,,348.09,58.12
,,,350.80,66.21,,351.07,62.37,,349.09,57.30
,,,351.80,65.33,,352.07,61.47,,350.09,56.46
,,,352.80,64.42,,353.07,60.54,,351.09,55.60
,,,353.80,63.51,,354.07,59.56,,352.09,54.70
,,,354.80,62.58,,355.07,58.58,,353.09,53.81
,,,355.80,61.65,,356.07,57.59,,354.09,52.88
,,,356.80,60.70,,357.07,56.57,,355.09,51.93
,,,357.80,59.74,,358.07,55.52,,356.09,50.96
,,,358.80,58.78,,359.07,54.47,,357.09,49.99
,,,359.80,57.80,,360.07,53.41,,358.09,49.00
,,,360.80,56.83,,361.07,52.30,,359.09,48.03
,,,361.80,55.85,,362.07,51.24,,360.09,47.02
,,,362.80,54.86,,363.07,50.20,,361.09,46.01
,,,363.80,53.87,,364.07,49.12,,362.09,44.98
,,,364.80,52.90,,365.07,48.02,,363.09,43.91
,,,365.80,51.90,,366.07,46.97,,364.09,42.87
,,,366.80,50.91,,367.07,45.93,,365.09,41.83
,,,367.80,49.92,,368.07,44.88,,366.09,40.77
,,,368.80,48.92,,369.07,43.87,,367.09,39.74
,,,369.80,47.93,,370.07,42.91,,368.09,38.71
,,,370.80,46.94,,371.07,41.95,,369.09,37.69
,,,371.80,45.95,,372.07,41.00,,370.09,36.64
,,,372.80,44.96,,373.07,40.05,,371.09,35.66
,,,373.80,43.99,,374.07,39.16,,372.09,34.73
,,,374.80,43.02,,375.07,38.29,,373.09,33.76
,,,375.80,42.05,,376.07,37.45,,374.09,32.86
,,,376.80,41.09,,377.07,36.62,,375.09,31.98
,,,377.80,40.15,,378.07,35.81,,376.09,31.12
,,,378.80,39.22,,379.07,35.03,,377.09,30.28
,,,379.80,38.30,,380.07,34.27,,378.09,29.47
,,,380.80,37.40,,381.07,33.54,,379.09,28.69
,,,381.80,36.52,,382.07,32.84,,380.09,27.96
,,,382.80,35.64,,383.07,32.16,,381.09,27.27
,,,383.80,34.79,,384.07,31.50,,382.09,26.62
,,,384.80,33.96,,385.07,30.86,,383.09,26.01
,,,385.80,33.15,,386.07,30.24,,384.09,25.38
,,,386.80,32.36,,387.07,29.64,,385.09,24.79
,,,387.80,31.59,,388.07,29.05,,386.09,24.22
,,,388.80,30.84,,389.07,28.48,,387.09,23.67
,,,389.80,30.12,,390.07,27.93,,388.09,23.14
,,,390.80,29.41,,391.07,27.40,,389.09,22.63
,,,391.80,28.72,,392.07,26.88,,390.09,22.14
,,,392.80,28.06,,393.07,26.38,,391.09,21.66
,,,393.80,27.41,,394.07,25.90,,392.09,21.20
,,,394.80,26.79,,395.07,25.42,,393.09,20.75
,,,395.80,26.18,,396.07,24.95,,394.09,20.31
,,,396.80,25.59,,397.07,24.50,,395.09,19.89
,,,397.80,25.02,,398.07,24.06,,396.09,19.48
,,,398.80,24.46,,399.07,23.62,,397.09,19.08
,,,399.80,23.92,,400.07,23.19,,398.09,18.69
,,,400.80,23.40,,401.07,22.78,,399.09,18.31
,,,401.80,22.88,,402.07,22.36,,400.09,17.94
,,,402.80,22.38,,403.07,21.96,,401.09,17.58
,,,403.80,21.88,,404.07,21.56,,402.09,17.22
,,,404.80,21.40,,405.07,21.16,,403.09,16.87
,,,405.80,20.92,,406.07,20.77,,404.09,16.53
,,,406.80,20.45,,407.07,20.39,,405.09,16.18
,,,407.80,19.99,,408.07,20.01,,406.09,15.85
,,,408.80,19.54,,409.07,19.63,,407.09,15.51
,,,409.80,19.10,,410.07,19.25,,408.09,15.19
,,,410.80,18.65,,411.07,18.88,,409.09,14.86
,,,411.80,18.22,,412.07,18.50,,410.09,14.54
,,,412.80,17.78,,413.07,18.13,,411.09,14.22
,,,413.80,17.35,,414.07,17.76,,412.09,13.90
,,,414.80,16.93,,415.07,17.40,,413.09,13.58
,,,415.80,16.51,,416.07,17.03,,414.09,13.27
,,,416.80,16.09,,417.07,16.67,,415.09,12.95
,,,417.80,15.68,,418.07,16.30,,416.09,12.64
,,,418.80,15.26,,419.07,15.94,,417.09,12.33
,,,419.80,14.85,,420.07,15.58,,418.09,12.02
,,,420.80,14.44,,421.07,15.22,,419.09,11.71
,,,421.80,14.04,,422.07,14.86,,420.09,11.40
,,,422.80,13.63,,423.07,14.50,,421.09,11.09
,,,423.80,13.23,,424.07,14.14,,422.09,10.78
,,,424.80,12.82,,425.07,13.77,,423.09,10.47
,,,425.80,12.42,,426.07,13.41,,424.09,10.17
,,,426.80,12.02,,427.07,13.06,,425.09,9.86
,,,427.80,11.62,,428.07,12.70,,426.09,9.55
,,,428.80,11.22,,429.07,12.34,,427.09,9.24
,,,429.80,10.83,,430.07,11.98,,428.09,8.93
,,,430.80,10.44,,431.07,11.62,,429.09,8.62
,,,431.80,10.04,,432.07,11.26,,430.09,8.32
,,,432.80,9.65,,433.07,10.91,,431.09,8.01
,,,433.80,9.26,,434.07,10.55,,432.09,7.70
,,,434.80,8.87,,435.07,10.19,,433.09,7.39
,,,435.80,8.48,,436.07,9.84,,434.09,7.08
,,,436.80,8.08,,437.07,9.48,,435.09,6.77
,,,437.80,7.70,,438.07,9.13,,436.09,6.47
,,,438.80,7.33,,439.07,8.78,,437.09,6.16
,,,439.80,6.96,,440.07,8.43,,438.09,5.85
,,,440.80,6.59,,441.07,8.08,,439.09,5.55
,,,441.80,6.21,,442.07,7.73,,440.09,5.25
,,,442.80,5.84,,443.07,7.39,,441.09,4.94
,,,443.80,5.48,,444.07,7.05,,442.09,4.65
,,,444.80,5.13,,445.07,6.71,,443.09,4.35
,,,445.80,4.78,,446.07,6.38,,444.09,4.06
,,,446.80,4.43,,447.07,6.05,,445.09,3.77
,,,447.80,4.09,,448.07,5.73,,446.09,3.48
,,,448.80,3.76,,449.07,5.42,,447.09,3.20
,,,449.80,3.43,,450.07,5.11,,448.09,2.92
,,,450.80,3.12,,451.07,4.81,,449.09,2.65
,,,451.80,2.82,,452.07,4.52,,450.09,2.39
,,,452.80,2.52,,453.07,4.24,,451.09,2.13
,,,453.80,2.24,,454.07,3.97,,452.09,1.88
,,,454.80,1.97,,455.07,3.71,,453.09,1.64
,,,455.80,1.71,,456.07,3.46,,454.09,1.41
,,,456.80,1.47,,457.07,3.23,,455.09,1.19
,,,457.80,1.24,,458.07,3.01,,456.09,0.98
,,,458.80,1.03,,459.07,2.80,,457.09,0.78
,,,459.80,0.83,,460.07,2.61,,458.09,0.60
,,,460.80,0.64,,461.07,2.43,,459.09,0.42
,,,461.80,0.47,,462.07,2.26,,460.09,0.26
,,,462.80,0.31,,463.07,2.11,,461.09,0.11
,,,463.80,0.17,,464.07,1.97,,462.09,-0.03
,,,464.80,0.04,,465.07,1.85,,463.09,-0.16
,,,465.80,-0.08,,466.07,1.74,,464.09,-0.27
,,,466.80,-0.18,,467.07,1.64,,465.09,-0.37
,,,467.80,-0.27,,468.07,1.55,,466.09,-0.47
,,,468.80,-0.35,,469.07,1.48,,467.09,-0.55
,,,469.80,-0.42,,470.07,1.42,,468.09,-0.62
,,,470.80,-0.48,,471.07,1.36,,469.09,-0.68
,,,471.80,-0.53,,472.07,1.32,,470.09,-0.73
,,,472.80,-0.57,,473.07,1.28,,471.09,-0.77
,,,473.80,-0.61,,474.07,1.24,,472.09,-0.81
,,,474.80,-0.64,,475.07,1.22,,473.09,-0.84
,,,475.80,-0.66,,476.07,1.20,,474.09,-0.87
,,,476.80,-0.68,,477.07,1.18,,475.09,-0.89
,,,477.80,-0.70,,478.07,1.17,,476.09,-0.91
,,,478.80,-0.71,,479.07,1.16,,477.09,-0.92
,,,479.80,-0.72,,480.07,1.15,,478.09,-0.94
,,,480.80,-0.73,,481.07,1.14,,479.09,-0.95
,,,481.80,-0.74,,482.07,1.14,,480.09,-0.95
,,,482.80,-0.74,,483.07,1.13,,481.09,-0.96
,,,483.80,-0.75,,484.07,1.13,,482.09,-0.96
,,,484.80,-0.75,,485.07,1.13,,483.09,-0.97
,,,485.80,-0.75,,486.07,1.13,,484.09,-0.97
,,,486.80,-0.76,,487.07,1.13,,485.09,-0.97
,,,487.80,-0.76,,488.07,1.12,,486.09,-0.97
,,,488.80,-0.76,,489.07,1.12,,487.09,-0.98
,,,489.80,-0.76,,490.07,1.12,,488.09,-0.98
,,,490.80,-0.76,,491.07,1.12,,489.09,-0.98
,,,491.80,-0.76,,492.07,1.12,,490.09,-0.98
,,,492.80,-0.77,,493.07,1.12,,491.09,-0.98
,,,493.80,-0.77,,494.07,1.12,,492.09,-0.98
,,,494.80,-0.77,,495.07,1.12,,493.09,-0.98
,,,495.80,-0.77,,496.07,1.11,,494.09,-0.99
,,,496.80,-0.77,,497.07,1.11,,495.09,-0.99
,,,497.80,-0.77,,498.07,1.11,,496.09,-0.99
,,,498.80,-0.77,,499.07,1.11,,497.09,-0.99
,,,499.80,-0.78,,500.07,1.11,,498.09,-0.99
,,,500.80,-0.78,,501.07,1.11,,499.09,-0.99
,,,501.80,-0.78,,502.07,1.11,,500.09,-0.99
,,,502.80,-0.78,,503.07,1.11,,501.09,-0.99
,,,503.80,-0.78,,504.07,1.11,,502.09,-0.99
,,,504.80,-0.78,,505.07,1.10,,503.09,-0.99
,,,505.80,-0.78,,506.07,1.10,,504.09,-0.99
,,,506.80,-0.78,,507.07,1.10,,505.09,-0.99
,,,507.80,-0.78,,508.07,1.10,,506.09,-1.00
,,,508.80,-0.78,,509.07,1.10,,507.09,-1.00
,,,509.80,-0.78,,510.07,1.10,,508.09,-1.00
,,,510.80,-0.79,,511.07,1.10,,509.09,-1.00
,,,511.80,-0.79,,512.07,1.10,,510.09,-1.00
,,,512.80,-0.79,,513.07,1.10,,511.09,-1.00
,,,513.80,-0.79,,514.07,1.09,,512.09,-1.00
,,,514.80,-0.79,,515.07,1.09,,513.09,-1.00
,,,515.80,-0.79,,516.07,1.09,,514.09,-1.00
,,,516.80,-0.79,,517.07,1.09,,515.09,-1.00
,,,517.80,-0.79,,518.07,1.09,,516.09,-1.00
,,,518.80,-0.79,,519.07,1.09,,517.09,-1.01
,,,519.80,-0.79,,520.07,1.09,,518.09,-1.01
,,,520.80,-0.80,,521.07,1.09,,519.09,-1.01
,,,521.80,-0.80,,522.07,1.09,,520.09,-1.01
,,,522.80,-0.80,,523.07,1.09,,521.09,-1.01
,,,523.80,-0.80,,524.07,1.08,,522.09,-1.01
,,,524.80,-0.80,,525.07,1.08,,523.09,-1.01
,,,525.80,-0.80,,526.07,1.08,,524.09,-1.01
,,,526.80,-0.80,,527.07,1.08,,525.09,-1.01
,,,527.80,-0.80,,528.07,1.08,,526.09,-1.01
,,,528.80,-0.81,,529.07,1.08,,527.09,-1.02
,,,529.80,-0.81,,530.07,1.08,,528.09,-1.02
,,,530.80,-0.81,,531.07,1.08,,529.09,-1.02
,,,531.80,-0.81,,532.07,1.08,,530.09,-1.02
,,,532.80,-0.81,,533.07,1.08,,531.09,-1.02
,,,533.80,-0.81,,534.07,1.08,,532.09,-1.02
,,,534.80,-0.81,,535.07,1.07,,533.09,-1.02
,,,535.80,-0.81,,536.07,1.07,,534.09,-1.02
,,,536.80,-0.81,,537.07,1.07,,535.09,-1.02
,,,537.80,-0.81,,538.07,1.07,,536.09,-1.02
,,,538.80,-0.82,,539.07,1.07,,537.09,-1.02
,,,539.80,-0.82,,540.07,1.07,,538.09,-1.02
,,,540.80,-0.82,,541.07,1.07,,539.09,-1.02
,,,541.80,-0.82,,542.07,1.07,,540.09,-1.02
,,,542.80,-0.82,,543.07,1.07,,541.09,-1.03
,,,543.80,-0.82,,544.07,1.07,,542.09,-1.03
,,,544.80,-0.82,,545.07,1.06,,543.09,-1.03
,,,545.80,-0.83,,546.07,1.06,,544.09,-1.03
,,,546.80,-0.83,,547.07,1.06,,545.09,-1.03
,,,547.80,-0.83,,548.07,1.06,,546.09,-1.03
,,,548.80,-0.83,,549.07,1.06,,547.09,-1.03
,,,549.80,-0.83,,550.07,1.06,,548.09,-1.03
,,,550.80,-0.83,,551.07,1.06,,549.09,-1.03
,,,551.80,-0.84,,552.07,1.06,,550.09,-1.04
,,,552.80,-0.84,,553.07,1.05,,551.09,-1.04
,,,553.80,-0.84,,554.07,1.05,,552.09,-1.04
,,,554.80,-0.84,,555.07,1.05,,553.09,-1.04
,,,555.80,-0.84,,556.07,1.05,,554.09,-1.04
,,,556.80,-0.84,,557.07,1.05,,555.09,-1.04
,,,557.80,-0.85,,558.07,1.05,,556.09,-1.04
,,,558.80,-0.85,,559.07,1.05,,557.09,-1.04
,,,559.80,-0.85,,560.07,1.05,,558.09,-1.04
,,,560.80,-0.85,,561.07,1.05,,559.09,-1.04
,,,561.80,-0.85,,562.07,1.05,,560.09,-1.05
,,,562.80,-0.85,,563.07,1.05,,561.09,-1.05
,,,563.80,-0.85,,564.07,1.05,,562.09,-1.05
,,,564.80,-0.86,,565.07,1.05,,563.09,-1.05
,,,565.80,-0.86,,566.07,1.05,,564.09,-1.05
,,,566.80,-0.86,,567.07,1.05,,565.09,-1.05
,,,567.80,-0.86,,568.07,1.05,,566.09,-1.05
,,,568.80,-0.86,,569.07,1.05,,567.09,-1.05
,,,569.80,-0.86,,570.07,1.05,,568.09,-1.05
,,,570.80,-0.86,,571.07,1.04,,569.09,-1.05
,,,571.80,-0.86,,572.07,1.04,,570.09,-1.05
,,,572.80,-0.87,,573.07,1.04,,571.09,-1.06
,,,573.80,-0.87,,574.07,1.04,,572.09,-1.06
,,,574.80,-0.87,,575.07,1.04,,573.09,-1.06
,,,575.80,-0.87,,576.07,1.04,,574.09,-1.06
,,,576.80,-0.87,,577.07,1.04,,575.09,-1.06
,,,577.80,-0.87,,578.07,1.04,,576.09,-1.06
,,,578.80,-0.87,,579.07,1.04,,577.09,-1.06
,,,579.80,-0.87,,580.07,1.04,,578.09,-1.06
,,,580.80,-0.87,,581.07,1.04,,579.09,-1.06
,,,581.80,-0.88,,582.07,1.04,,580.09,-1.06
,,,582.80,-0.88,,583.07,1.04,,581.09,-1.06
,,,583.80,-0.88,,584.07,1.04,,582.09,-1.06
,,,584.80,-0.88,,585.07,1.03,,583.09,-1.07
,,,585.80,-0.88,,586.07,1.03,,584.09,-1.07
,,,586.80,-0.88,,587.07,1.03,,585.09,-1.07
,,,587.80,-0.88,,588.07,1.03,,586.09,-1.07
,,,588.80,-0.88,,589.07,1.03,,587.09,-1.07
,,,589.80,-0.89,,590.07,1.03,,588.09,-1.07
,,,590.80,-0.89,,591.07,1.03,,589.09,-1.07
,,,591.80,-0.89,,592.07,1.03,,590.09,-1.07
,,,592.80,-0.89,,593.07,1.02,,591.09,-1.07
,,,593.80,-0.89,,594.07,1.02,,592.09,-1.08
,,,594.80,-0.89,,595.07,1.02,,593.09,-1.08
,,,595.80,-0.89,,596.07,1.02,,594.09,-1.08
,,,596.80,-0.89,,597.07,1.02,,595.09,-1.08
,,,597.80,-0.89,,598.07,1.02,,596.09,-1.08
,,,598.80,-0.89,,599.07,1.02,,597.09,-1.08
,,,,,,,,,598.09,-1.08302
