Machine Name,Lloyd LRX ,P40-HDO Undamaged,1,,,2,,,3,,,P40-HDO 3 hr Healing,1,,,2,,,3,
,50 N load cell at RT with a crosshead speed of 100 mm min−1 according to ISO-37,,Strain / %,Stress / MPa,,Strain / %,Stress / MPa,,Strain / %,Stress / MPa,,,Strain / %,Stress / MPa,,Strain / %,Stress / MPa,,Strain / %,Stress / MPa
,,,-0.47,0,,-0.54,0,,-0.45,-0.01,,,0,-0.02,,-0.55,0,,-0.27,-0.01
,Representative curve shown in the figure is the first set of data for each sampleRepresentative curve shown in the figure is the first set of data for each sample,,-0.47,0,,-0.54,0,,-1.12,-0.01,,,-0.81,-0.02,,-0.55,0,,-0.66,-0.01
,,,-0.47,0,,-0.54,0,,-1.12,-0.01,,,-0.81,-0.02,,-0.55,0,,-0.66,-0.01
,,,-0.47,0,,-0.54,0,,-1.12,-0.01,,,-0.81,-0.02,,-0.54,0,,-0.66,-0.01
,,,-0.47,0,,-0.54,0,,-1.12,-0.01,,,-0.81,-0.02,,-0.54,0,,-0.66,-0.01
,,,-0.47,0,,-0.54,0,,-1.12,-0.01,,,-0.81,-0.02,,-0.54,0,,-0.66,-0.01
,,,-0.47,0,,-0.52,0,,-1.12,-0.01,,,-0.8,-0.02,,-0.54,0,,-0.66,-0.01
,,,-0.46,0,,1.07,0.06,,-1.12,-0.01,,,-0.8,-0.02,,-0.54,0,,-0.66,-0.01
,,,-0.46,0,,2.82,0.09,,-1.12,-0.01,,,-0.8,-0.02,,-0.54,0,,-0.66,-0.01
,,,-0.46,0,,4.6,0.12,,-1.12,-0.01,,,-0.8,-0.02,,-0.54,0,,-0.66,-0.01
,,,-0.37,0,,6.38,0.14,,-1.12,-0.01,,,-0.8,-0.02,,-0.54,0,,-0.66,-0.01
,,,0.74,0.04,,8.2,0.16,,-1.12,-0.01,,,-0.8,-0.02,,-0.54,0,,-0.66,-0.01
,,,1.88,0.06,,10.01,0.18,,-1.12,-0.01,,,-0.8,-0.02,,-0.54,0,,-0.66,-0.01
,,,3.07,0.08,,11.76,0.2,,-1.12,-0.01,,,-0.8,-0.02,,-0.54,0,,-0.66,-0.01
,,,4.24,0.09,,13.59,0.22,,-1.12,-0.01,,,-0.8,-0.02,,-0.54,0,,-0.66,-0.01
,,,5.47,0.11,,15.43,0.23,,-1.12,-0.01,,,-0.8,-0.02,,-0.54,0,,-0.66,-0.01
,,,6.65,0.12,,17.22,0.25,,-0.96,-0.01,,,-0.8,-0.02,,-0.35,0,,-0.56,-0.01
,,,7.87,0.13,,19.03,0.26,,-0.34,0,,,-0.8,-0.02,,0.39,0.03,,-0.2,0
,,,9.02,0.14,,20.83,0.27,,0.32,0.02,,,-0.8,-0.02,,1.18,0.05,,0.19,0.01
,,,10.23,0.15,,22.65,0.28,,0.94,0.03,,,-0.8,-0.02,,1.93,0.06,,0.55,0.02
,,,11.39,0.16,,24.44,0.29,,1.64,0.03,,,-0.7,-0.02,,2.67,0.07,,0.97,0.02
,,,12.61,0.17,,26.24,0.31,,2.75,0.06,,,-0.19,0,,3.5,0.08,,1.62,0.04
,,,13.78,0.18,,28.08,0.32,,3.88,0.08,,,0.42,0.03,,4.25,0.09,,2.29,0.05
,,,15,0.19,,29.88,0.33,,5,0.1,,,1,0.04,,5,0.1,,2.95,0.06
,,,16.17,0.19,,31.71,0.34,,6.16,0.11,,,1.58,0.05,,5.83,0.11,,3.63,0.07
,,,17.38,0.2,,33.52,0.35,,7.28,0.13,,,2.17,0.07,,6.59,0.11,,4.29,0.08
,,,18.56,0.21,,35.33,0.36,,8.41,0.14,,,2.78,0.08,,7.33,0.12,,4.96,0.09
,,,19.76,0.22,,37.14,0.37,,9.6,0.16,,,3.39,0.09,,8.14,0.13,,5.66,0.1
,,,20.95,0.23,,38.96,0.38,,10.74,0.17,,,3.98,0.1,,8.93,0.14,,6.33,0.1
,,,22.16,0.23,,40.77,0.39,,11.86,0.18,,,4.57,0.11,,9.69,0.15,,6.99,0.11
,,,23.34,0.24,,42.58,0.4,,13.03,0.19,,,5.19,0.12,,10.47,0.15,,7.68,0.12
,,,24.51,0.25,,44.39,0.4,,14.19,0.2,,,5.8,0.13,,11.26,0.16,,8.37,0.13
,,,25.72,0.25,,46.2,0.41,,15.29,0.21,,,6.38,0.13,,12,0.17,,9.02,0.13
,,,26.9,0.26,,48.01,0.41,,16.46,0.22,,,6.97,0.14,,12.81,0.18,,9.7,0.14
,,,28.11,0.26,,49.82,0.42,,17.65,0.23,,,7.61,0.15,,13.61,0.19,,10.41,0.15
,,,29.28,0.27,,51.62,0.42,,18.74,0.24,,,8.19,0.15,,14.33,0.19,,11.05,0.15
,,,30.51,0.28,,53.43,0.43,,19.86,0.25,,,8.75,0.16,,15.12,0.2,,11.71,0.16
,,,31.66,0.28,,55.24,0.44,,21.06,0.26,,,9.36,0.17,,15.95,0.2,,12.42,0.16
,,,32.93,0.29,,57.04,0.44,,22.17,0.27,,,9.98,0.17,,16.66,0.21,,13.07,0.17
,,,34.09,0.29,,58.85,0.45,,23.32,0.27,,,10.58,0.18,,17.44,0.21,,13.75,0.17
,,,35.26,0.3,,60.66,0.46,,24.49,0.28,,,11.17,0.18,,18.27,0.22,,14.44,0.18
,,,36.44,0.3,,62.46,0.46,,25.62,0.29,,,11.78,0.19,,19.01,0.22,,15.1,0.18
,,,37.62,0.31,,64.27,0.47,,26.79,0.3,,,12.41,0.19,,19.79,0.23,,15.79,0.18
,,,38.8,0.31,,66.08,0.47,,27.98,0.3,,,13.03,0.2,,20.6,0.23,,16.5,0.19
,,,40,0.32,,67.88,0.48,,29.11,0.31,,,13.63,0.21,,21.36,0.24,,17.16,0.19
,,,41.21,0.32,,69.69,0.49,,30.24,0.32,,,14.22,0.21,,22.13,0.24,,17.83,0.2
,,,42.41,0.33,,71.5,0.49,,31.43,0.33,,,14.84,0.22,,22.93,0.25,,18.53,0.2
,,,43.61,0.33,,73.3,0.5,,32.57,0.33,,,15.46,0.22,,23.69,0.25,,19.2,0.21
,,,44.82,0.33,,75.11,0.5,,33.68,0.34,,,16.03,0.23,,24.45,0.26,,19.86,0.21
,,,46.02,0.34,,76.92,0.51,,34.85,0.35,,,16.63,0.23,,25.26,0.26,,20.55,0.21
,,,47.23,0.34,,78.72,0.52,,36.01,0.35,,,17.26,0.23,,26.02,0.27,,21.23,0.22
,,,48.43,0.35,,80.53,0.52,,37.14,0.36,,,17.87,0.24,,26.77,0.27,,21.9,0.22
,,,49.62,0.35,,82.34,0.53,,38.29,0.36,,,18.45,0.24,,27.57,0.28,,22.58,0.23
,,,50.82,0.35,,84.15,0.53,,39.43,0.37,,,19.04,0.24,,28.35,0.28,,23.25,0.23
,,,52.01,0.36,,85.95,0.54,,40.58,0.37,,,19.67,0.25,,29.11,0.29,,23.93,0.23
,,,53.2,0.36,,87.76,0.54,,41.75,0.38,,,20.29,0.25,,29.89,0.29,,24.62,0.24
,,,54.4,0.37,,89.57,0.55,,42.91,0.39,,,20.87,0.25,,30.7,0.3,,25.3,0.24
,,,55.59,0.37,,91.38,0.55,,44.01,0.39,,,21.45,0.26,,31.46,0.3,,25.95,0.24
,,,56.79,0.37,,93.18,0.55,,45.18,0.4,,,22.09,0.26,,32.22,0.31,,26.64,0.25
,,,57.98,0.38,,94.99,0.56,,46.37,0.4,,,22.7,0.26,,33.04,0.31,,27.34,0.25
,,,59.18,0.38,,96.8,0.56,,47.53,0.41,,,23.29,0.27,,33.83,0.31,,28.02,0.25
,,,60.37,0.39,,98.61,0.57,,48.66,0.41,,,23.88,0.27,,34.61,0.32,,28.69,0.26
,,,61.56,0.39,,100.42,0.57,,49.82,0.42,,,24.51,0.27,,35.38,0.32,,29.38,0.26
,,,62.76,0.39,,102.22,0.58,,50.97,0.42,,,25.11,0.28,,36.15,0.32,,30.05,0.26
,,,63.95,0.4,,104.03,0.58,,52.1,0.43,,,25.7,0.28,,36.92,0.33,,30.72,0.26
,,,65.15,0.4,,105.84,0.58,,53.23,0.43,,,26.28,0.29,,37.7,0.33,,31.39,0.27
,,,66.34,0.4,,107.65,0.59,,54.39,0.44,,,26.91,0.29,,38.47,0.33,,32.07,0.27
,,,67.54,0.41,,109.45,0.59,,55.55,0.44,,,27.52,0.29,,39.24,0.34,,32.75,0.27
,,,68.73,0.41,,111.26,0.6,,56.67,0.44,,,28.09,0.3,,40.02,0.34,,33.41,0.28
,,,69.92,0.41,,113.07,0.6,,57.81,0.45,,,28.69,0.3,,40.8,0.34,,34.09,0.28
,,,71.12,0.41,,114.88,0.6,,59,0.45,,,29.33,0.3,,41.58,0.35,,34.79,0.28
,,,72.31,0.42,,116.69,0.61,,60.17,0.46,,,29.97,0.31,,42.35,0.35,,35.48,0.28
,,,73.51,0.42,,118.49,0.61,,61.3,0.46,,,30.55,0.31,,43.13,0.35,,36.15,0.29
,,,74.7,0.42,,120.3,0.62,,62.44,0.47,,,31.13,0.31,,43.91,0.36,,36.81,0.29
,,,75.9,0.42,,122.11,0.62,,63.58,0.47,,,31.73,0.32,,44.69,0.36,,37.49,0.29
,,,77.09,0.43,,123.92,0.62,,64.74,0.48,,,32.35,0.32,,45.47,0.36,,38.18,0.3
,,,78.29,0.43,,125.72,0.63,,65.9,0.48,,,32.96,0.32,,46.25,0.36,,38.86,0.3
,,,79.48,0.43,,127.53,0.63,,67.06,0.48,,,33.57,0.32,,47.03,0.37,,39.54,0.3
,,,80.67,0.43,,129.34,0.64,,68.21,0.49,,,34.18,0.33,,47.8,0.37,,40.22,0.3
,,,81.87,0.44,,131.15,0.64,,69.36,0.49,,,34.78,0.33,,48.58,0.37,,40.9,0.31
,,,83.06,0.44,,132.96,0.64,,70.51,0.5,,,35.39,0.33,,49.36,0.38,,41.57,0.31
,,,84.26,0.44,,134.76,0.64,,71.66,0.5,,,35.99,0.33,,50.14,0.38,,42.25,0.31
,,,85.45,0.45,,136.57,0.65,,72.81,0.5,,,36.6,0.34,,50.92,0.38,,42.93,0.31
,,,86.65,0.45,,138.38,0.65,,73.97,0.51,,,37.2,0.34,,51.7,0.39,,43.61,0.31
,,,87.84,0.45,,140.19,0.65,,75.12,0.51,,,37.81,0.34,,52.48,0.39,,44.29,0.32
,,,89.03,0.45,,142,0.66,,76.27,0.51,,,38.41,0.34,,53.26,0.39,,44.97,0.32
,,,90.23,0.46,,143.81,0.66,,77.42,0.52,,,39.02,0.34,,54.03,0.4,,45.65,0.32
,,,91.42,0.46,,145.62,0.66,,78.57,0.52,,,39.62,0.35,,54.81,0.4,,46.32,0.32
,,,92.62,0.46,,147.43,0.67,,79.72,0.53,,,40.22,0.35,,55.59,0.4,,47,0.33
,,,93.81,0.46,,149.24,0.67,,80.87,0.53,,,40.82,0.35,,56.37,0.41,,47.68,0.33
,,,95.01,0.47,,151.05,0.67,,82.02,0.53,,,41.43,0.35,,57.15,0.41,,48.36,0.33
,,,96.2,0.47,,152.86,0.67,,83.16,0.54,,,42.03,0.35,,57.93,0.41,,49.04,0.33
,,,97.39,0.47,,154.67,0.68,,84.31,0.54,,,42.63,0.36,,58.71,0.41,,49.71,0.33
,,,98.59,0.48,,156.48,0.68,,85.46,0.54,,,43.24,0.36,,59.48,0.42,,50.39,0.34
,,,99.78,0.48,,158.29,0.68,,86.61,0.55,,,43.84,0.36,,60.26,0.42,,51.07,0.34
,,,100.98,0.48,,160.09,0.69,,87.76,0.55,,,44.44,0.36,,61.04,0.42,,51.75,0.34
,,,102.17,0.48,,161.9,0.69,,88.91,0.55,,,45.05,0.36,,61.82,0.42,,52.43,0.34
,,,103.37,0.48,,163.71,0.69,,90.06,0.55,,,45.65,0.37,,62.6,0.43,,53.1,0.34
,,,104.56,0.48,,165.52,0.7,,91.21,0.56,,,46.25,0.37,,63.38,0.43,,53.78,0.35
,,,105.76,0.49,,167.33,0.7,,92.36,0.56,,,46.85,0.37,,64.16,0.43,,54.46,0.35
,,,106.95,0.49,,169.14,0.7,,93.51,0.56,,,47.46,0.37,,64.94,0.43,,55.14,0.35
,,,108.14,0.49,,170.95,0.7,,94.66,0.57,,,48.06,0.37,,65.71,0.43,,55.81,0.35
,,,109.34,0.49,,172.76,0.71,,95.81,0.57,,,48.66,0.38,,66.49,0.44,,56.49,0.35
,,,110.53,0.49,,174.57,0.71,,96.96,0.57,,,49.27,0.38,,67.27,0.44,,57.17,0.36
,,,111.73,0.49,,176.38,0.71,,98.11,0.57,,,49.87,0.38,,68.05,0.44,,57.85,0.36
,,,112.92,0.5,,178.19,0.72,,99.26,0.58,,,50.47,0.38,,68.83,0.44,,58.53,0.36
,,,114.12,0.5,,180,0.72,,100.41,0.58,,,51.08,0.38,,69.61,0.45,,59.2,0.36
,,,115.31,0.5,,181.81,0.72,,101.56,0.58,,,51.68,0.39,,70.39,0.45,,59.88,0.36
,,,116.5,0.5,,183.62,0.72,,102.71,0.59,,,52.28,0.39,,71.16,0.45,,60.56,0.36
,,,117.7,0.5,,185.43,0.73,,103.86,0.59,,,52.89,0.39,,71.94,0.45,,61.24,0.37
,,,118.89,0.5,,187.24,0.73,,105.01,0.59,,,53.49,0.39,,72.72,0.46,,61.91,0.37
,,,120.09,0.51,,189.05,0.73,,106.16,0.6,,,54.09,0.39,,73.5,0.46,,62.59,0.37
,,,121.28,0.51,,190.85,0.73,,107.31,0.6,,,54.69,0.4,,74.28,0.46,,63.27,0.37
,,,122.48,0.51,,192.66,0.74,,108.46,0.6,,,55.3,0.4,,75.06,0.46,,63.95,0.37
,,,123.67,0.51,,194.47,0.74,,109.61,0.6,,,55.9,0.4,,75.84,0.46,,64.63,0.38
,,,124.86,0.51,,196.28,0.74,,110.76,0.61,,,56.5,0.4,,76.62,0.47,,65.3,0.38
,,,126.06,0.51,,198.09,0.74,,111.9,0.61,,,57.11,0.4,,77.39,0.47,,65.98,0.38
,,,127.25,0.52,,199.9,0.74,,113.05,0.61,,,57.71,0.4,,78.17,0.47,,66.66,0.38
,,,128.45,0.52,,201.71,0.75,,114.2,0.62,,,58.31,0.41,,78.95,0.47,,67.34,0.38
,,,129.64,0.52,,203.52,0.75,,115.35,0.62,,,58.92,0.41,,79.73,0.48,,68.02,0.38
,,,130.84,0.52,,205.33,0.75,,116.5,0.62,,,59.52,0.41,,80.51,0.48,,68.69,0.39
,,,132.03,0.52,,207.14,0.75,,117.65,0.63,,,60.12,0.41,,81.29,0.48,,69.37,0.39
,,,133.22,0.52,,208.95,0.76,,118.8,0.63,,,60.73,0.41,,82.07,0.48,,70.05,0.39
,,,134.42,0.53,,210.75,0.76,,119.95,0.63,,,61.33,0.42,,82.84,0.49,,70.73,0.39
,,,135.61,0.53,,212.56,0.76,,121.1,0.63,,,61.93,0.42,,83.62,0.49,,71.4,0.39
,,,136.81,0.53,,214.37,0.76,,122.25,0.64,,,62.53,0.42,,84.4,0.49,,72.08,0.4
,,,138,0.53,,216.18,0.77,,123.4,0.64,,,63.14,0.42,,85.18,0.49,,72.76,0.4
,,,139.2,0.53,,217.99,0.77,,124.55,0.64,,,63.74,0.42,,85.96,0.49,,73.44,0.4
,,,140.39,0.54,,219.8,0.77,,125.7,0.65,,,64.34,0.43,,86.74,0.5,,74.12,0.4
,,,141.59,0.54,,221.61,0.77,,126.85,0.65,,,64.95,0.43,,87.52,0.5,,74.79,0.4
,,,142.78,0.54,,223.42,0.77,,128,0.65,,,65.55,0.43,,88.3,0.5,,75.47,0.4
,,,143.97,0.54,,225.23,0.78,,129.15,0.65,,,66.15,0.43,,89.07,0.5,,76.15,0.41
,,,145.17,0.54,,227.04,0.78,,130.3,0.66,,,66.76,0.43,,89.85,0.5,,76.83,0.41
,,,146.36,0.54,,228.84,0.78,,131.45,0.66,,,67.36,0.43,,90.63,0.51,,77.5,0.41
,,,147.56,0.55,,230.65,0.78,,132.6,0.66,,,67.96,0.44,,91.41,0.51,,78.18,0.41
,,,148.75,0.55,,232.46,0.79,,133.75,0.66,,,68.56,0.44,,92.19,0.51,,78.86,0.41
,,,149.95,0.55,,234.27,0.79,,134.9,0.66,,,69.17,0.44,,92.97,0.51,,79.54,0.41
,,,151.14,0.55,,236.08,0.79,,136.05,0.66,,,69.77,0.44,,93.75,0.51,,80.22,0.41
,,,152.33,0.55,,237.89,0.79,,137.2,0.67,,,70.37,0.44,,94.53,0.51,,80.89,0.41
,,,153.53,0.55,,239.7,0.79,,138.35,0.67,,,70.98,0.44,,95.3,0.51,,81.57,0.42
,,,154.72,0.56,,241.51,0.8,,139.5,0.67,,,71.58,0.44,,96.08,0.52,,82.25,0.42
,,,155.92,0.56,,243.32,0.8,,140.65,0.67,,,72.18,0.44,,96.86,0.52,,82.93,0.42
,,,157.11,0.56,,245.12,0.8,,141.8,0.67,,,72.79,0.44,,97.64,0.52,,83.61,0.42
,,,158.31,0.56,,246.93,0.8,,142.95,0.68,,,73.39,0.45,,98.42,0.52,,84.28,0.42
,,,159.5,0.56,,248.74,0.8,,144.1,0.68,,,73.99,0.45,,99.2,0.52,,84.96,0.42
,,,160.69,0.56,,250.55,0.81,,145.25,0.68,,,74.6,0.45,,99.98,0.52,,85.64,0.42
,,,161.89,0.56,,252.36,0.81,,146.4,0.68,,,75.2,0.45,,100.75,0.52,,86.32,0.42
,,,163.08,0.57,,254.17,0.81,,147.55,0.68,,,75.81,0.45,,101.53,0.53,,87,0.42
,,,164.28,0.57,,255.98,0.81,,148.7,0.69,,,76.41,0.45,,102.31,0.53,,87.67,0.43
,,,165.47,0.57,,257.79,0.81,,149.85,0.69,,,77.01,0.45,,103.09,0.53,,88.35,0.43
,,,166.67,0.57,,259.6,0.82,,151,0.69,,,77.62,0.45,,103.87,0.53,,89.03,0.43
,,,167.86,0.57,,261.4,0.82,,152.15,0.69,,,78.22,0.46,,104.65,0.53,,89.71,0.43
,,,169.05,0.57,,263.21,0.82,,153.3,0.69,,,78.82,0.46,,105.43,0.53,,90.39,0.43
,,,170.25,0.57,,265.02,0.82,,154.45,0.7,,,79.43,0.46,,106.21,0.54,,91.06,0.43
,,,171.44,0.57,,266.83,0.83,,155.6,0.7,,,80.03,0.46,,106.98,0.54,,91.74,0.43
,,,172.64,0.58,,268.64,0.83,,156.75,0.7,,,80.63,0.46,,107.76,0.54,,92.42,0.43
,,,173.83,0.58,,270.44,0.83,,157.9,0.7,,,81.24,0.46,,108.54,0.54,,93.1,0.44
,,,175.03,0.58,,272.25,0.83,,159.05,0.7,,,81.84,0.46,,109.32,0.54,,93.78,0.44
,,,176.22,0.58,,274.06,0.83,,160.2,0.71,,,82.44,0.46,,110.1,0.54,,94.46,0.44
,,,177.41,0.58,,275.87,0.84,,161.35,0.71,,,83.05,0.47,,110.88,0.54,,95.13,0.44
,,,178.61,0.58,,277.67,0.84,,162.5,0.71,,,83.65,0.47,,111.66,0.55,,95.81,0.44
,,,179.8,0.58,,279.48,0.84,,163.65,0.71,,,84.26,0.47,,112.43,0.55,,96.49,0.44
,,,181,0.58,,281.29,0.84,,164.8,0.71,,,84.86,0.47,,113.21,0.55,,97.17,0.44
,,,182.19,0.59,,283.1,0.84,,165.95,0.71,,,85.46,0.47,,113.99,0.55,,97.85,0.44
,,,183.39,0.59,,284.9,0.85,,167.1,0.72,,,86.07,0.47,,114.77,0.55,,98.52,0.45
,,,184.58,0.59,,286.71,0.85,,168.25,0.72,,,86.67,0.47,,115.55,0.55,,99.2,0.45
,,,185.77,0.59,,288.52,0.85,,169.4,0.72,,,87.27,0.47,,116.33,0.55,,99.88,0.45
,,,186.97,0.59,,290.33,0.85,,170.55,0.72,,,87.88,0.48,,117.11,0.56,,100.56,0.45
,,,188.16,0.59,,292.14,0.85,,171.7,0.72,,,88.48,0.48,,117.89,0.56,,101.24,0.45
,,,189.36,0.59,,293.94,0.86,,172.85,0.73,,,89.08,0.48,,118.66,0.56,,101.91,0.45
,,,190.55,0.59,,295.75,0.86,,174,0.73,,,89.69,0.48,,119.44,0.56,,102.59,0.45
,,,191.74,0.6,,297.56,0.86,,175.15,0.73,,,90.29,0.48,,120.22,0.56,,103.27,0.45
,,,192.94,0.6,,299.37,0.86,,176.3,0.73,,,90.89,0.48,,121,0.56,,103.95,0.45
,,,194.13,0.6,,301.17,0.87,,177.45,0.73,,,91.5,0.48,,121.78,0.57,,104.63,0.46
,,,195.33,0.6,,302.98,0.87,,178.6,0.74,,,92.1,0.48,,122.56,0.57,,105.3,0.46
,,,196.52,0.6,,304.79,0.87,,179.75,0.74,,,92.7,0.49,,123.34,0.57,,105.98,0.46
,,,197.72,0.6,,306.6,0.87,,180.9,0.74,,,93.31,0.49,,124.11,0.57,,106.66,0.46
,,,198.91,0.6,,308.41,0.87,,182.05,0.74,,,93.91,0.49,,124.89,0.57,,107.34,0.46
,,,200.1,0.6,,310.22,0.88,,183.2,0.74,,,94.52,0.49,,125.67,0.57,,108.02,0.46
,,,201.3,0.6,,312.03,0.88,,184.35,0.75,,,95.12,0.49,,126.45,0.57,,108.69,0.46
,,,202.49,0.61,,313.84,0.88,,185.5,0.75,,,95.72,0.49,,127.23,0.58,,109.37,0.46
,,,203.69,0.61,,315.65,0.88,,186.65,0.75,,,96.33,0.49,,128.01,0.58,,110.05,0.47
,,,204.88,0.61,,317.46,0.88,,187.8,0.75,,,96.93,0.49,,128.79,0.58,,110.73,0.47
,,,206.07,0.61,,319.27,0.89,,188.95,0.75,,,97.53,0.5,,129.57,0.58,,111.41,0.47
,,,207.27,0.61,,321.08,0.89,,190.1,0.76,,,98.14,0.5,,130.34,0.58,,112.08,0.47
,,,208.46,0.61,,322.89,0.89,,191.25,0.76,,,98.74,0.5,,131.12,0.58,,112.76,0.47
,,,209.66,0.61,,324.7,0.89,,192.4,0.76,,,99.34,0.5,,131.9,0.58,,113.44,0.47
,,,210.85,0.61,,326.51,0.89,,193.55,0.76,,,99.95,0.5,,132.68,0.59,,114.12,0.47
,,,212.05,0.61,,328.32,0.9,,194.7,0.76,,,100.55,0.5,,133.46,0.59,,114.8,0.47
,,,213.24,0.61,,330.13,0.9,,195.85,0.76,,,101.15,0.5,,134.24,0.59,,115.48,0.47
,,,214.43,0.62,,331.94,0.9,,197,0.77,,,101.76,0.5,,135.02,0.59,,116.15,0.48
,,,215.63,0.62,,333.75,0.9,,198.15,0.77,,,102.36,0.51,,135.79,0.59,,116.83,0.48
,,,216.82,0.62,,335.56,0.9,,199.3,0.77,,,102.97,0.51,,136.57,0.59,,117.51,0.48
,,,218.02,0.62,,337.37,0.91,,200.45,0.77,,,103.57,0.51,,137.35,0.59,,118.19,0.48
,,,219.21,0.62,,339.18,0.91,,201.6,0.77,,,104.17,0.51,,138.13,0.59,,118.87,0.48
,,,220.4,0.62,,340.98,0.91,,202.75,0.77,,,104.78,0.51,,138.91,0.59,,119.54,0.48
,,,221.6,0.62,,342.79,0.91,,203.9,0.77,,,105.38,0.51,,139.69,0.59,,120.22,0.48
,,,222.79,0.62,,344.6,0.91,,205.05,0.78,,,105.98,0.51,,140.47,0.6,,120.9,0.48
,,,223.99,0.62,,346.41,0.92,,206.2,0.78,,,106.59,0.51,,141.25,0.6,,121.58,0.48
,,,225.18,0.62,,348.22,0.92,,207.35,0.78,,,107.19,0.51,,142.02,0.6,,122.26,0.48
,,,226.38,0.63,,350.03,0.92,,208.5,0.78,,,107.79,0.51,,142.8,0.6,,122.93,0.48
,,,227.57,0.63,,351.84,0.92,,209.65,0.78,,,108.4,0.52,,143.58,0.6,,123.61,0.48
,,,228.76,0.63,,353.65,0.92,,210.8,0.78,,,109,0.52,,144.36,0.6,,124.29,0.49
,,,229.96,0.63,,355.46,0.93,,211.95,0.78,,,109.6,0.52,,145.14,0.6,,124.97,0.49
,,,231.15,0.63,,357.27,0.93,,213.1,0.78,,,110.21,0.52,,145.92,0.6,,125.65,0.49
,,,232.35,0.63,,359.08,0.93,,214.25,0.79,,,110.81,0.52,,146.7,0.6,,126.32,0.49
,,,233.54,0.63,,360.89,0.93,,215.4,0.79,,,111.41,0.52,,147.47,0.6,,127,0.49
,,,234.73,0.63,,362.7,0.93,,216.55,0.79,,,112.02,0.52,,148.25,0.61,,127.68,0.49
,,,235.93,0.63,,364.51,0.93,,217.7,0.79,,,112.62,0.52,,149.03,0.61,,128.36,0.49
,,,237.12,0.63,,366.32,0.94,,218.85,0.79,,,113.23,0.52,,149.81,0.61,,129.04,0.49
,,,238.32,0.64,,368.13,0.94,,220,0.79,,,113.83,0.52,,150.59,0.61,,129.71,0.49
,,,239.51,0.64,,369.94,0.94,,221.15,0.79,,,114.43,0.52,,151.37,0.61,,130.39,0.49
,,,240.71,0.64,,371.75,0.94,,222.3,0.79,,,115.04,0.52,,152.15,0.61,,131.07,0.49
,,,241.9,0.64,,373.56,0.94,,223.45,0.8,,,115.64,0.52,,152.93,0.61,,131.75,0.49
,,,243.09,0.64,,375.37,0.95,,224.6,0.8,,,116.24,0.53,,153.7,0.61,,132.43,0.5
,,,244.29,0.64,,377.17,0.95,,225.75,0.8,,,116.85,0.53,,154.48,0.61,,133.11,0.5
,,,245.48,0.64,,378.98,0.95,,226.9,0.8,,,117.45,0.53,,155.26,0.62,,133.78,0.5
,,,246.68,0.64,,380.79,0.95,,228.05,0.8,,,118.05,0.53,,156.04,0.62,,134.46,0.5
,,,247.87,0.64,,382.6,0.95,,229.2,0.8,,,118.66,0.53,,156.82,0.62,,135.14,0.5
,,,249.06,0.64,,384.41,0.96,,230.35,0.8,,,119.26,0.53,,157.6,0.62,,135.82,0.5
,,,250.26,0.65,,386.22,0.96,,231.5,0.8,,,119.86,0.53,,158.38,0.62,,136.5,0.5
,,,251.45,0.65,,388.03,0.96,,232.65,0.81,,,120.47,0.53,,159.15,0.62,,137.17,0.5
,,,252.65,0.65,,389.84,0.96,,233.8,0.81,,,121.07,0.53,,159.93,0.62,,137.85,0.5
,,,253.84,0.65,,391.65,0.96,,234.95,0.81,,,121.67,0.53,,160.71,0.62,,138.53,0.5
,,,255.04,0.65,,393.45,0.97,,236.1,0.81,,,122.28,0.53,,161.49,0.62,,139.21,0.5
,,,256.23,0.65,,395.26,0.97,,237.25,0.81,,,122.88,0.53,,162.27,0.62,,139.89,0.5
,,,257.42,0.65,,397.07,0.97,,238.4,0.81,,,123.49,0.54,,163.05,0.63,,140.56,0.5
,,,258.62,0.65,,398.88,0.97,,239.55,0.81,,,124.09,0.54,,163.83,0.63,,141.24,0.51
,,,259.81,0.65,,400.69,0.97,,240.7,0.82,,,124.69,0.54,,164.61,0.63,,141.92,0.51
,,,261.01,0.65,,402.5,0.98,,241.85,0.82,,,125.3,0.54,,165.38,0.63,,142.6,0.51
,,,262.2,0.66,,404.31,0.98,,243,0.82,,,125.9,0.54,,166.16,0.63,,143.28,0.51
,,,263.39,0.66,,406.12,0.98,,244.15,0.82,,,126.5,0.54,,166.94,0.63,,143.95,0.51
,,,264.59,0.66,,407.93,0.98,,245.3,0.82,,,127.11,0.54,,167.72,0.63,,144.63,0.51
,,,265.78,0.66,,409.73,0.98,,246.45,0.82,,,127.71,0.54,,168.5,0.63,,145.31,0.51
,,,266.98,0.66,,411.54,0.99,,247.6,0.82,,,128.31,0.54,,169.28,0.63,,145.99,0.51
,,,268.17,0.66,,413.35,0.99,,248.75,0.82,,,128.92,0.54,,170.06,0.63,,146.67,0.51
,,,269.37,0.66,,415.16,0.99,,249.9,0.83,,,129.52,0.54,,170.84,0.64,,147.34,0.51
,,,270.56,0.66,,416.97,0.99,,251.05,0.83,,,130.12,0.54,,171.61,0.64,,148.02,0.51
,,,271.75,0.66,,418.78,0.99,,252.2,0.83,,,130.73,0.55,,172.39,0.64,,148.7,0.51
,,,272.95,0.66,,420.59,0.99,,253.35,0.83,,,131.33,0.55,,173.17,0.64,,149.38,0.52
,,,274.14,0.67,,422.4,1,,254.5,0.83,,,131.94,0.55,,173.95,0.64,,150.06,0.52
,,,275.34,0.67,,424.2,1,,255.65,0.83,,,132.54,0.55,,174.73,0.64,,150.73,0.52
,,,276.53,0.67,,426.01,1,,256.8,0.83,,,133.14,0.55,,175.51,0.64,,151.41,0.52
,,,277.73,0.67,,427.82,1,,257.95,0.83,,,133.75,0.55,,176.29,0.64,,152.09,0.52
,,,278.92,0.67,,429.63,1,,259.1,0.84,,,134.35,0.55,,177.06,0.64,,152.77,0.52
,,,280.11,0.67,,431.44,1.01,,260.25,0.84,,,134.95,0.55,,177.84,0.64,,153.45,0.52
,,,281.31,0.67,,433.25,1.01,,261.4,0.84,,,135.56,0.55,,178.62,0.65,,154.13,0.52
,,,282.5,0.67,,435.06,1.01,,262.55,0.84,,,136.16,0.55,,179.4,0.65,,154.8,0.52
,,,283.7,0.67,,436.87,1.01,,263.7,0.84,,,136.76,0.55,,180.18,0.65,,155.48,0.52
,,,284.89,0.67,,438.67,1.02,,264.85,0.84,,,137.37,0.55,,180.96,0.65,,156.16,0.52
,,,286.09,0.67,,440.48,1.02,,266,0.84,,,137.97,0.56,,181.74,0.65,,156.84,0.52
,,,287.28,0.68,,442.29,1.02,,267.15,0.84,,,138.57,0.56,,182.51,0.65,,157.52,0.52
,,,288.47,0.68,,444.09,1.02,,268.3,0.85,,,139.18,0.56,,183.29,0.65,,158.19,0.53
,,,289.67,0.68,,445.9,1.02,,269.45,0.85,,,139.78,0.56,,184.07,0.65,,158.87,0.53
,,,290.86,0.68,,447.71,1.03,,270.59,0.85,,,140.38,0.56,,184.85,0.65,,159.55,0.53
,,,292.06,0.68,,449.51,1.03,,271.74,0.85,,,140.99,0.56,,185.63,0.65,,160.23,0.53
,,,293.25,0.68,,451.32,1.03,,272.89,0.85,,,141.59,0.56,,186.41,0.65,,160.9,0.53
,,,294.45,0.68,,453.12,1.03,,274.04,0.85,,,142.2,0.56,,187.18,0.65,,161.58,0.53
,,,295.64,0.68,,454.93,1.03,,275.19,0.85,,,142.8,0.56,,187.96,0.65,,162.26,0.53
,,,296.84,0.68,,456.74,1.04,,276.34,0.85,,,143.4,0.56,,188.74,0.65,,162.94,0.53
,,,298.03,0.68,,458.54,1.04,,277.49,0.85,,,144.01,0.56,,189.52,0.66,,163.62,0.53
,,,299.22,0.68,,460.35,1.04,,278.64,0.85,,,144.61,0.56,,190.3,0.66,,164.29,0.53
,,,300.42,0.69,,462.16,1.04,,279.79,0.86,,,145.21,0.56,,191.08,0.66,,164.97,0.53
,,,301.61,0.69,,463.96,1.04,,280.94,0.86,,,145.82,0.57,,191.85,0.66,,165.65,0.53
,,,302.81,0.69,,465.77,1.05,,282.09,0.86,,,146.42,0.57,,192.63,0.66,,166.33,0.53
,,,304,0.69,,467.58,1.05,,283.24,0.86,,,147.02,0.57,,193.41,0.66,,167.01,0.53
,,,305.2,0.69,,469.38,1.05,,284.39,0.86,,,147.63,0.57,,194.19,0.66,,167.68,0.53
,,,306.39,0.69,,471.19,1.05,,285.54,0.86,,,148.23,0.57,,194.97,0.66,,168.36,0.53
,,,307.58,0.69,,473.02,1.05,,286.69,0.86,,,148.83,0.57,,195.75,0.66,,169.04,0.54
,,,308.78,0.69,,474.86,1.06,,287.84,0.86,,,149.44,0.57,,196.52,0.66,,169.72,0.54
,,,309.97,0.69,,476.67,1.06,,288.99,0.86,,,150.04,0.57,,197.3,0.66,,170.39,0.54
,,,311.17,0.69,,478.48,1.06,,290.14,0.87,,,150.64,0.57,,198.08,0.66,,171.07,0.54
,,,312.36,0.69,,480.29,1.06,,291.29,0.87,,,151.25,0.57,,198.86,0.66,,171.75,0.54
,,,313.56,0.7,,482.1,1.06,,292.44,0.87,,,151.85,0.57,,199.64,0.67,,172.43,0.54
,,,314.75,0.7,,483.91,1.07,,293.59,0.87,,,152.46,0.57,,200.41,0.67,,173.11,0.54
,,,315.94,0.7,,485.72,1.07,,294.74,0.87,,,153.06,0.57,,201.19,0.67,,173.78,0.54
,,,317.14,0.7,,487.53,1.07,,295.89,0.87,,,153.66,0.57,,201.97,0.67,,174.46,0.54
,,,318.33,0.7,,489.34,1.07,,297.04,0.87,,,154.27,0.57,,202.75,0.67,,175.14,0.54
,,,319.53,0.7,,491.15,1.08,,298.19,0.87,,,154.87,0.57,,203.53,0.67,,175.82,0.54
,,,320.72,0.7,,492.95,1.08,,299.34,0.87,,,155.47,0.57,,204.31,0.67,,176.5,0.54
,,,321.92,0.7,,494.76,1.08,,300.49,0.87,,,156.08,0.57,,205.08,0.67,,177.17,0.54
,,,323.11,0.7,,496.57,1.08,,301.64,0.87,,,156.68,0.57,,205.86,0.67,,177.85,0.54
,,,324.3,0.7,,498.38,1.08,,302.79,0.87,,,157.28,0.57,,206.64,0.67,,178.53,0.54
,,,325.5,0.7,,500.19,1.09,,303.94,0.87,,,157.89,0.57,,207.42,0.67,,179.21,0.54
,,,326.69,0.71,,502,1.09,,305.09,0.87,,,158.49,0.57,,208.2,0.67,,179.89,0.54
,,,327.89,0.71,,503.81,1.09,,306.23,0.88,,,159.09,0.58,,208.98,0.67,,180.56,0.54
,,,329.08,0.71,,505.62,1.09,,307.38,0.88,,,159.7,0.58,,209.75,0.68,,181.24,0.54
,,,330.28,0.71,,507.43,1.1,,308.53,0.88,,,160.3,0.58,,210.53,0.68,,181.92,0.54
,,,331.47,0.71,,509.23,1.1,,309.68,0.88,,,160.91,0.58,,211.31,0.68,,182.6,0.55
,,,332.66,0.71,,511.04,1.1,,310.83,0.88,,,161.51,0.58,,212.09,0.68,,183.27,0.55
,,,333.86,0.71,,512.85,1.1,,311.98,0.88,,,162.11,0.58,,212.87,0.68,,183.95,0.55
,,,335.05,0.71,,514.66,1.11,,313.13,0.88,,,162.72,0.58,,213.65,0.68,,184.63,0.55
,,,336.25,0.71,,516.47,1.11,,314.28,0.88,,,163.32,0.58,,214.42,0.68,,185.31,0.55
,,,337.44,0.71,,518.28,1.11,,315.43,0.88,,,163.92,0.58,,215.2,0.68,,185.99,0.55
,,,338.64,0.71,,520.08,1.11,,316.58,0.88,,,164.53,0.58,,215.98,0.68,,186.66,0.55
,,,339.83,0.72,,521.89,1.11,,317.73,0.88,,,165.13,0.58,,216.76,0.68,,187.34,0.55
,,,341.03,0.72,,523.7,1.12,,318.88,0.89,,,165.73,0.58,,217.54,0.68,,188.02,0.55
,,,342.22,0.72,,525.51,1.12,,320.03,0.89,,,166.34,0.58,,218.32,0.68,,188.7,0.55
,,,343.41,0.72,,527.32,1.12,,321.18,0.89,,,166.94,0.58,,219.09,0.68,,189.38,0.55
,,,344.61,0.72,,529.12,1.12,,322.33,0.89,,,167.54,0.58,,219.87,0.69,,190.05,0.55
,,,345.8,0.72,,530.93,1.13,,323.48,0.89,,,168.15,0.58,,220.65,0.69,,190.73,0.55
,,,347,0.72,,532.74,1.13,,324.63,0.89,,,168.75,0.59,,221.43,0.69,,191.41,0.55
,,,348.19,0.72,,534.55,1.13,,325.78,0.89,,,169.35,0.59,,222.21,0.69,,192.09,0.55
,,,349.39,0.72,,536.36,1.13,,326.93,0.89,,,169.96,0.59,,222.98,0.69,,192.76,0.55
,,,350.58,0.72,,538.17,1.14,,328.08,0.89,,,170.56,0.59,,223.76,0.69,,193.44,0.55
,,,351.77,0.72,,539.97,1.14,,329.23,0.89,,,171.17,0.59,,224.54,0.69,,194.12,0.56
,,,352.97,0.73,,541.78,1.14,,330.38,0.9,,,171.77,0.59,,225.32,0.69,,194.8,0.56
,,,354.16,0.73,,543.59,1.14,,331.53,0.9,,,172.37,0.59,,226.1,0.69,,195.48,0.56
,,,355.36,0.73,,545.4,1.15,,332.68,0.9,,,172.98,0.59,,226.88,0.69,,196.15,0.56
,,,356.55,0.73,,547.21,1.15,,333.83,0.9,,,173.58,0.59,,227.65,0.69,,196.83,0.56
,,,357.75,0.73,,549.01,1.15,,334.98,0.9,,,174.18,0.59,,228.43,0.69,,197.51,0.56
,,,358.94,0.73,,550.82,1.15,,336.13,0.9,,,174.79,0.59,,229.21,0.7,,198.19,0.56
,,,360.13,0.73,,552.63,1.15,,337.28,0.9,,,175.39,0.59,,229.99,0.7,,198.87,0.56
,,,361.33,0.73,,554.44,1.16,,338.43,0.9,,,175.99,0.59,,230.77,0.7,,199.54,0.56
,,,362.52,0.73,,556.25,1.16,,339.58,0.9,,,176.6,0.59,,231.55,0.7,,200.22,0.56
,,,363.72,0.73,,558.06,1.16,,340.72,0.9,,,177.2,0.59,,232.32,0.7,,200.9,0.56
,,,364.91,0.73,,559.86,1.16,,341.87,0.91,,,177.8,0.59,,233.1,0.7,,201.58,0.56
,,,366.11,0.74,,561.67,1.17,,343.02,0.91,,,178.41,0.59,,233.88,0.7,,202.25,0.56
,,,367.3,0.74,,563.48,1.17,,344.17,0.91,,,179.01,0.6,,234.66,0.7,,202.93,0.56
,,,368.49,0.74,,565.29,1.17,,345.32,0.91,,,179.62,0.6,,235.44,0.7,,203.61,0.56
,,,369.69,0.74,,567.1,1.17,,346.47,0.91,,,180.22,0.6,,236.22,0.7,,204.29,0.56
,,,370.88,0.74,,568.91,1.18,,347.62,0.91,,,180.82,0.6,,236.99,0.7,,204.97,0.57
,,,372.08,0.74,,570.71,1.18,,348.77,0.91,,,181.43,0.6,,237.77,0.7,,205.64,0.57
,,,373.27,0.74,,572.52,1.18,,349.92,0.91,,,182.03,0.6,,238.55,0.7,,206.32,0.57
,,,374.47,0.74,,574.33,1.18,,351.07,0.91,,,182.63,0.6,,239.33,0.71,,207,0.57
,,,375.66,0.74,,576.14,1.19,,352.22,0.91,,,183.24,0.6,,240.11,0.71,,207.68,0.57
,,,376.85,0.74,,577.95,1.19,,353.37,0.91,,,183.84,0.6,,240.88,0.71,,208.36,0.57
,,,378.05,0.75,,579.75,1.19,,354.52,0.92,,,184.44,0.6,,241.66,0.71,,209.03,0.57
,,,379.24,0.75,,581.56,1.19,,355.67,0.92,,,185.05,0.6,,242.44,0.71,,209.71,0.57
,,,380.44,0.75,,583.37,1.2,,356.82,0.92,,,185.65,0.6,,243.22,0.71,,210.39,0.57
,,,381.63,0.75,,585.18,1.2,,357.97,0.92,,,186.25,0.6,,244,0.71,,211.07,0.57
,,,382.83,0.75,,586.99,1.2,,359.12,0.92,,,186.86,0.6,,244.78,0.71,,211.74,0.57
,,,384.02,0.75,,588.8,1.2,,360.27,0.92,,,187.46,0.6,,245.55,0.71,,212.42,0.57
,,,385.22,0.75,,590.6,1.21,,361.42,0.92,,,188.06,0.6,,246.33,0.71,,213.1,0.57
,,,386.41,0.75,,592.41,1.21,,362.57,0.92,,,188.67,0.61,,247.11,0.71,,213.78,0.57
,,,387.6,0.75,,594.22,1.21,,363.72,0.92,,,189.27,0.61,,247.89,0.71,,214.46,0.57
,,,388.8,0.75,,596.03,1.22,,364.87,0.92,,,189.88,0.61,,248.67,0.71,,215.13,0.57
,,,389.99,0.75,,597.84,1.22,,366.02,0.93,,,190.48,0.61,,249.45,0.72,,215.81,0.57
,,,391.19,0.76,,599.65,1.22,,367.17,0.93,,,191.08,0.61,,250.22,0.72,,216.49,0.58
,,,392.38,0.76,,601.46,1.22,,368.32,0.93,,,191.69,0.61,,251,0.72,,217.17,0.58
,,,393.58,0.76,,603.27,1.23,,369.47,0.93,,,192.29,0.61,,251.78,0.72,,217.85,0.58
,,,394.77,0.76,,605.08,1.23,,370.62,0.93,,,192.89,0.61,,252.56,0.72,,218.52,0.58
,,,395.96,0.76,,606.89,1.23,,371.77,0.93,,,193.5,0.61,,253.34,0.72,,219.2,0.58
,,,397.16,0.76,,608.7,1.23,,372.92,0.93,,,194.1,0.61,,254.12,0.72,,219.88,0.58
,,,398.35,0.76,,610.51,1.24,,374.06,0.93,,,194.7,0.61,,254.89,0.72,,220.56,0.58
,,,399.55,0.76,,612.32,1.24,,375.21,0.93,,,195.31,0.61,,255.67,0.72,,221.24,0.58
,,,400.74,0.76,,614.13,1.24,,376.36,0.93,,,195.91,0.61,,256.45,0.72,,221.91,0.58
,,,401.94,0.76,,615.94,1.24,,377.52,0.94,,,196.51,0.61,,257.23,0.72,,222.59,0.58
,,,403.13,0.76,,617.75,1.25,,378.67,0.94,,,197.12,0.61,,258.01,0.72,,223.27,0.58
,,,404.32,0.77,,619.56,1.25,,379.82,0.94,,,197.72,0.61,,258.79,0.72,,223.95,0.58
,,,405.52,0.77,,621.37,1.25,,380.97,0.94,,,198.32,0.61,,259.57,0.73,,224.63,0.58
,,,406.71,0.77,,623.17,1.26,,382.12,0.94,,,198.93,0.62,,260.35,0.73,,225.3,0.58
,,,407.91,0.77,,624.99,1.26,,383.27,0.94,,,199.53,0.62,,261.12,0.73,,225.98,0.58
,,,409.1,0.77,,626.8,1.26,,384.42,0.94,,,200.14,0.62,,261.9,0.73,,226.66,0.58
,,,410.3,0.77,,628.61,1.26,,385.57,0.94,,,200.74,0.62,,262.68,0.73,,227.34,0.59
,,,411.49,0.77,,630.42,1.27,,386.72,0.94,,,201.34,0.62,,263.46,0.73,,228.02,0.59
,,,412.68,0.77,,632.23,1.27,,387.87,0.94,,,201.95,0.62,,264.24,0.73,,228.69,0.59
,,,413.88,0.77,,634.04,1.27,,389.02,0.95,,,202.55,0.62,,265.02,0.73,,229.37,0.59
,,,415.07,0.77,,635.85,1.27,,390.17,0.95,,,203.15,0.62,,265.8,0.73,,230.05,0.59
,,,416.27,0.77,,637.66,1.28,,391.32,0.95,,,203.76,0.62,,266.58,0.73,,230.73,0.59
,,,417.46,0.78,,639.47,1.28,,392.47,0.95,,,204.36,0.62,,267.36,0.73,,231.41,0.59
,,,418.66,0.78,,641.28,1.28,,393.62,0.95,,,204.96,0.62,,268.13,0.73,,232.09,0.59
,,,419.85,0.78,,643.1,1.29,,394.77,0.95,,,205.57,0.62,,268.91,0.74,,232.76,0.59
,,,421.04,0.78,,644.91,1.29,,395.92,0.95,,,206.17,0.62,,269.69,0.74,,233.44,0.59
,,,422.24,0.78,,646.72,1.29,,397.07,0.95,,,206.77,0.62,,270.47,0.74,,234.12,0.59
,,,423.43,0.78,,648.53,1.29,,398.22,0.95,,,207.38,0.62,,271.25,0.74,,234.8,0.59
,,,424.63,0.78,,650.34,1.3,,399.37,0.95,,,207.98,0.62,,272.03,0.74,,235.48,0.59
,,,425.82,0.78,,652.15,1.3,,400.52,0.95,,,208.58,0.63,,272.81,0.74,,236.15,0.59
,,,427.02,0.78,,653.96,1.3,,401.67,0.96,,,209.19,0.63,,273.59,0.74,,236.83,0.59
,,,428.21,0.78,,655.77,1.31,,402.82,0.96,,,209.79,0.63,,274.37,0.74,,237.51,0.59
,,,429.4,0.79,,657.59,1.31,,403.97,0.96,,,210.39,0.63,,275.14,0.74,,238.19,0.59
,,,430.6,0.79,,659.41,1.31,,405.12,0.96,,,211,0.63,,275.92,0.74,,238.87,0.6
,,,431.79,0.79,,661.22,1.32,,406.27,0.96,,,211.6,0.63,,276.7,0.74,,239.55,0.6
,,,432.99,0.79,,663.04,1.32,,407.42,0.96,,,212.2,0.63,,277.48,0.74,,240.22,0.6
,,,434.18,0.79,,664.84,1.32,,408.57,0.96,,,212.81,0.63,,278.26,0.74,,240.9,0.6
,,,435.38,0.79,,666.63,1.32,,409.72,0.96,,,213.41,0.63,,279.04,0.74,,241.58,0.6
,,,436.57,0.79,,668.43,1.33,,410.87,0.96,,,214.02,0.63,,279.82,0.75,,242.26,0.6
,,,437.76,0.79,,670.23,1.33,,412.02,0.96,,,214.62,0.63,,280.6,0.75,,242.94,0.6
,,,438.96,0.79,,672.04,1.33,,413.17,0.96,,,215.22,0.63,,281.38,0.75,,243.61,0.6
,,,440.15,0.79,,673.84,1.34,,414.32,0.97,,,215.83,0.63,,282.15,0.75,,244.29,0.6
,,,441.35,0.79,,675.65,1.34,,415.47,0.97,,,216.43,0.63,,282.93,0.75,,244.97,0.6
,,,442.54,0.8,,677.46,1.34,,416.62,0.97,,,217.03,0.63,,283.71,0.75,,245.65,0.6
,,,443.74,0.8,,679.27,1.35,,417.77,0.97,,,217.64,0.63,,284.49,0.75,,246.33,0.6
,,,444.93,0.8,,681.08,1.35,,418.92,0.97,,,218.24,0.63,,285.27,0.75,,247,0.6
,,,446.15,0.8,,682.89,1.35,,420.07,0.97,,,218.84,0.63,,286.05,0.75,,247.68,0.6
,,,447.42,0.8,,684.7,1.36,,421.22,0.97,,,219.45,0.64,,286.83,0.75,,248.36,0.6
,,,448.62,0.8,,686.5,1.36,,422.37,0.97,,,220.05,0.64,,287.61,0.75,,249.04,0.6
,,,449.81,0.8,,688.31,1.36,,423.52,0.97,,,220.65,0.64,,288.39,0.75,,249.72,0.6
,,,451.01,0.8,,690.12,1.36,,424.67,0.97,,,221.26,0.64,,289.16,0.75,,250.4,0.6
,,,452.2,0.8,,691.93,1.37,,425.82,0.97,,,221.86,0.64,,289.94,0.75,,251.07,0.6
,,,453.39,0.8,,693.74,1.37,,426.97,0.97,,,222.46,0.64,,290.72,0.75,,251.75,0.61
,,,454.59,0.8,,695.55,1.37,,428.12,0.98,,,223.07,0.64,,291.5,0.76,,252.43,0.61
,,,455.78,0.81,,697.36,1.38,,429.27,0.98,,,223.67,0.64,,292.28,0.76,,253.11,0.61
,,,456.98,0.81,,699.17,1.38,,430.42,0.98,,,224.27,0.64,,293.06,0.76,,253.79,0.61
,,,458.17,0.81,,700.97,1.38,,431.57,0.98,,,224.88,0.64,,293.84,0.76,,254.46,0.61
,,,459.36,0.81,,702.78,1.39,,432.72,0.98,,,225.48,0.64,,294.62,0.76,,255.14,0.61
,,,460.56,0.81,,704.59,1.39,,433.87,0.98,,,226.09,0.64,,295.4,0.76,,255.82,0.61
,,,461.75,0.81,,706.4,1.39,,435.02,0.98,,,226.69,0.64,,296.17,0.76,,256.5,0.61
,,,462.95,0.81,,708.21,1.4,,436.17,0.98,,,227.29,0.64,,296.95,0.76,,257.18,0.61
,,,464.14,0.81,,710.02,1.4,,437.32,0.98,,,227.9,0.64,,297.73,0.76,,257.86,0.61
,,,465.33,0.81,,711.83,1.4,,438.47,0.98,,,228.5,0.64,,298.51,0.76,,258.53,0.61
,,,466.53,0.81,,713.63,1.4,,439.62,0.98,,,229.1,0.64,,299.29,0.76,,259.21,0.61
,,,467.72,0.82,,715.44,1.41,,440.77,0.99,,,229.71,0.64,,300.07,0.76,,259.89,0.61
,,,468.92,0.82,,717.25,1.41,,441.92,0.99,,,230.31,0.64,,300.85,0.76,,260.57,0.61
,,,470.11,0.82,,719.06,1.41,,443.07,0.99,,,230.91,0.65,,301.63,0.76,,261.25,0.61
,,,471.3,0.82,,720.87,1.42,,444.22,0.99,,,231.52,0.65,,302.41,0.77,,261.92,0.61
,,,472.5,0.82,,722.68,1.42,,445.37,0.99,,,232.12,0.65,,303.19,0.77,,262.6,0.61
,,,473.69,0.82,,724.49,1.42,,446.52,0.99,,,232.72,0.65,,303.96,0.77,,263.28,0.61
,,,474.89,0.82,,726.29,1.43,,447.67,0.99,,,233.33,0.65,,304.74,0.77,,263.96,0.62
,,,476.08,0.82,,728.1,1.43,,448.82,0.99,,,233.93,0.65,,305.52,0.77,,264.64,0.62
,,,477.28,0.82,,729.91,1.43,,449.98,0.99,,,234.53,0.65,,306.3,0.77,,265.32,0.62
,,,478.47,0.82,,731.72,1.44,,451.13,0.99,,,235.14,0.65,,307.08,0.77,,265.99,0.62
,,,479.66,0.83,,733.53,1.44,,452.28,0.99,,,235.74,0.65,,307.86,0.77,,266.67,0.62
,,,480.86,0.83,,735.34,1.44,,453.43,0.99,,,236.34,0.65,,308.64,0.77,,267.35,0.62
,,,482.05,0.83,,737.15,1.44,,454.58,1,,,236.95,0.65,,309.42,0.77,,268.03,0.62
,,,483.25,0.83,,738.96,1.45,,455.73,1,,,237.55,0.65,,310.2,0.77,,268.71,0.62
,,,484.44,0.83,,740.76,1.45,,456.88,1,,,238.15,0.65,,310.98,0.77,,269.38,0.62
,,,485.63,0.83,,742.57,1.45,,458.03,1,,,238.76,0.65,,311.75,0.77,,270.06,0.62
,,,486.83,0.83,,744.38,1.46,,459.18,1,,,239.36,0.65,,312.53,0.77,,270.74,0.62
,,,488.02,0.83,,746.19,1.46,,460.33,1,,,239.97,0.65,,313.31,0.77,,271.42,0.62
,,,489.22,0.83,,748,1.46,,461.48,1,,,240.57,0.65,,314.09,0.78,,272.1,0.62
,,,490.41,0.83,,749.81,1.47,,462.63,1,,,241.17,0.65,,314.87,0.78,,272.78,0.62
,,,491.6,0.84,,751.62,1.47,,463.78,1,,,241.78,0.65,,315.65,0.78,,273.45,0.62
,,,492.8,0.84,,753.42,1.47,,464.93,1,,,242.38,0.66,,316.43,0.78,,274.13,0.62
,,,493.99,0.84,,755.23,1.48,,466.08,1,,,242.98,0.66,,317.21,0.78,,274.81,0.62
,,,495.19,0.84,,757.04,1.48,,467.23,1,,,243.59,0.66,,317.99,0.78,,275.49,0.62
,,,496.38,0.84,,758.85,1.48,,468.38,1.01,,,244.19,0.66,,318.77,0.78,,276.17,0.62
,,,497.57,0.84,,760.66,1.49,,469.53,1.01,,,244.79,0.66,,319.54,0.78,,276.85,0.63
,,,498.77,0.84,,762.47,1.49,,470.68,1.01,,,245.4,0.66,,320.32,0.78,,277.52,0.63
,,,499.96,0.84,,764.28,1.49,,471.83,1.01,,,246,0.66,,321.1,0.78,,278.2,0.63
,,,501.16,0.84,,766.08,1.5,,472.98,1.01,,,246.6,0.66,,321.88,0.78,,278.88,0.63
,,,502.35,0.84,,767.89,1.5,,474.13,1.01,,,247.21,0.66,,322.66,0.78,,279.56,0.63
,,,503.55,0.85,,769.7,1.5,,475.28,1.01,,,247.81,0.66,,323.44,0.78,,280.24,0.63
,,,504.74,0.85,,771.51,1.51,,476.43,1.01,,,248.41,0.66,,324.22,0.78,,280.91,0.63
,,,505.93,0.85,,773.32,1.51,,477.58,1.01,,,249.02,0.66,,325,0.79,,281.59,0.63
,,,507.13,0.85,,775.13,1.51,,478.73,1.01,,,249.62,0.66,,325.78,0.79,,282.27,0.63
,,,508.32,0.85,,776.94,1.52,,479.88,1.01,,,250.22,0.66,,326.56,0.79,,282.95,0.63
,,,509.52,0.85,,778.75,1.52,,481.03,1.02,,,250.83,0.66,,327.34,0.79,,283.63,0.63
,,,510.71,0.85,,780.55,1.52,,482.18,1.02,,,251.43,0.66,,328.11,0.79,,284.31,0.63
,,,511.9,0.85,,782.36,1.53,,483.33,1.02,,,252.04,0.66,,328.89,0.79,,284.98,0.63
,,,513.1,0.85,,784.17,1.53,,484.48,1.02,,,252.64,0.66,,329.67,0.79,,285.66,0.63
,,,514.29,0.85,,785.98,1.53,,485.63,1.02,,,253.24,0.66,,330.45,0.79,,286.34,0.63
,,,515.49,0.86,,787.79,1.54,,486.78,1.02,,,253.85,0.67,,331.23,0.79,,287.02,0.63
,,,516.68,0.86,,789.6,1.54,,487.93,1.02,,,254.45,0.67,,332.01,0.79,,287.7,0.63
,,,517.87,0.86,,791.41,1.54,,489.08,1.02,,,255.05,0.67,,332.79,0.79,,288.37,0.63
,,,519.07,0.86,,793.21,1.55,,490.23,1.02,,,255.66,0.67,,333.57,0.79,,289.05,0.63
,,,520.26,0.86,,795.02,1.55,,491.38,1.02,,,256.26,0.67,,334.35,0.79,,289.73,0.64
,,,521.46,0.86,,796.83,1.55,,492.53,1.02,,,256.86,0.67,,335.13,0.79,,290.41,0.64
,,,522.65,0.86,,798.64,1.56,,493.68,1.02,,,257.47,0.67,,335.9,0.8,,291.09,0.64
,,,523.85,0.86,,800.45,1.56,,494.83,1.03,,,258.07,0.67,,336.68,0.8,,291.77,0.64
,,,525.04,0.86,,802.26,1.56,,495.98,1.03,,,258.67,0.67,,337.46,0.8,,292.44,0.64
,,,526.23,0.86,,804.07,1.57,,497.14,1.03,,,259.28,0.67,,338.24,0.8,,293.12,0.64
,,,527.43,0.87,,805.87,1.57,,498.29,1.03,,,259.88,0.67,,339.02,0.8,,293.8,0.64
,,,528.62,0.87,,807.68,1.57,,499.44,1.03,,,260.48,0.67,,339.8,0.8,,294.48,0.64
,,,529.82,0.87,,809.49,1.58,,500.59,1.03,,,261.09,0.67,,340.58,0.8,,295.16,0.64
,,,531.01,0.87,,811.3,1.58,,501.74,1.03,,,261.69,0.67,,341.36,0.8,,295.83,0.64
,,,532.21,0.87,,813.11,1.58,,502.89,1.03,,,262.29,0.67,,342.14,0.8,,296.51,0.64
,,,533.4,0.87,,814.92,1.58,,504.04,1.03,,,262.9,0.67,,342.92,0.8,,297.19,0.64
,,,534.59,0.87,,816.73,1.59,,505.19,1.03,,,263.5,0.67,,343.69,0.8,,297.87,0.64
,,,535.79,0.87,,818.54,1.59,,506.34,1.03,,,264.1,0.67,,344.47,0.8,,298.55,0.64
,,,536.98,0.87,,820.34,1.59,,507.49,1.03,,,264.71,0.67,,345.25,0.8,,299.23,0.64
,,,538.18,0.88,,822.15,1.6,,508.64,1.04,,,265.31,0.68,,346.03,0.8,,299.9,0.64
,,,539.37,0.88,,823.96,1.6,,509.79,1.04,,,265.92,0.68,,346.81,0.8,,300.58,0.64
,,,540.57,0.88,,825.77,1.6,,510.94,1.04,,,266.52,0.68,,347.59,0.81,,301.26,0.64
,,,541.76,0.88,,827.58,1.61,,512.09,1.04,,,267.12,0.68,,348.37,0.81,,301.94,0.64
,,,542.95,0.88,,829.39,1.61,,513.24,1.04,,,267.73,0.68,,349.15,0.81,,302.62,0.65
,,,544.15,0.88,,831.2,1.61,,514.39,1.04,,,268.33,0.68,,349.93,0.81,,303.3,0.65
,,,545.34,0.88,,833,1.62,,515.54,1.04,,,268.93,0.68,,350.71,0.81,,303.97,0.65
,,,546.54,0.88,,834.81,1.62,,516.69,1.04,,,269.54,0.68,,351.48,0.81,,304.65,0.65
,,,547.73,0.88,,836.62,1.62,,517.84,1.04,,,270.14,0.68,,352.26,0.81,,305.33,0.65
,,,548.93,0.89,,838.43,1.62,,518.99,1.04,,,270.74,0.68,,353.04,0.81,,306.01,0.65
,,,550.12,0.89,,840.25,1.63,,520.14,1.04,,,271.35,0.68,,353.82,0.81,,306.69,0.65
,,,551.32,0.89,,842.06,1.63,,521.29,1.05,,,271.95,0.68,,354.6,0.81,,307.36,0.65
,,,552.51,0.89,,843.87,1.63,,522.44,1.05,,,272.55,0.68,,355.38,0.81,,308.04,0.65
,,,553.7,0.89,,845.68,1.64,,523.59,1.05,,,273.16,0.68,,356.16,0.81,,308.72,0.65
,,,554.9,0.89,,847.5,1.64,,524.74,1.05,,,273.76,0.68,,356.94,0.81,,309.4,0.65
,,,556.09,0.89,,849.31,1.64,,525.89,1.05,,,274.36,0.68,,357.72,0.82,,310.08,0.65
,,,557.29,0.89,,851.12,1.65,,527.04,1.05,,,274.97,0.68,,358.5,0.82,,310.76,0.65
,,,558.48,0.89,,852.93,1.65,,528.19,1.05,,,275.57,0.68,,359.27,0.82,,311.43,0.65
,,,559.68,0.89,,854.75,1.65,,529.34,1.05,,,276.17,0.68,,360.05,0.82,,312.11,0.65
,,,560.87,0.9,,856.56,1.65,,530.49,1.05,,,276.78,0.69,,360.83,0.82,,312.79,0.65
,,,562.06,0.9,,858.37,1.66,,531.64,1.05,,,277.38,0.69,,361.61,0.82,,313.47,0.65
,,,563.26,0.9,,860.18,1.66,,532.79,1.05,,,277.99,0.69,,362.39,0.82,,314.15,0.65
,,,564.45,0.9,,862,1.66,,533.94,1.06,,,278.59,0.69,,363.17,0.82,,314.82,0.66
,,,565.65,0.9,,863.81,1.67,,535.09,1.06,,,279.19,0.69,,363.95,0.82,,315.5,0.66
,,,566.84,0.9,,865.62,1.67,,536.24,1.06,,,279.8,0.69,,364.73,0.82,,316.18,0.66
,,,568.04,0.9,,867.43,1.67,,537.39,1.06,,,280.4,0.69,,365.51,0.82,,316.86,0.66
,,,569.23,0.9,,869.24,1.67,,538.54,1.06,,,281,0.69,,366.29,0.82,,317.54,0.66
,,,570.42,0.9,,871.05,1.68,,539.69,1.06,,,281.61,0.69,,367.06,0.82,,318.22,0.66
,,,571.62,0.91,,872.86,1.68,,540.84,1.06,,,282.21,0.69,,367.84,0.83,,318.89,0.66
,,,572.81,0.91,,874.67,1.68,,541.99,1.06,,,282.81,0.69,,368.62,0.83,,319.57,0.66
,,,574.01,0.91,,876.48,1.69,,543.14,1.06,,,283.42,0.69,,369.4,0.83,,320.25,0.66
,,,575.2,0.91,,878.29,1.69,,544.29,1.06,,,284.02,0.69,,370.18,0.83,,320.93,0.66
,,,576.4,0.91,,880.1,1.69,,545.45,1.06,,,284.62,0.69,,370.96,0.83,,321.61,0.66
,,,577.59,0.91,,881.91,1.69,,546.6,1.07,,,285.23,0.69,,371.74,0.83,,322.29,0.66
,,,578.78,0.91,,883.71,1.7,,547.75,1.07,,,285.83,0.69,,372.52,0.83,,322.96,0.66
,,,579.98,0.91,,885.52,1.7,,548.9,1.07,,,286.43,0.69,,373.3,0.83,,323.64,0.66
,,,581.17,0.91,,887.33,1.7,,550.05,1.07,,,287.04,0.69,,374.08,0.83,,324.32,0.66
,,,582.37,0.92,,889.14,1.71,,551.2,1.07,,,287.64,0.69,,374.85,0.83,,325,0.66
,,,583.56,0.92,,890.95,1.71,,552.35,1.07,,,288.24,0.7,,375.63,0.83,,325.68,0.66
,,,584.76,0.92,,892.76,1.71,,553.5,1.07,,,288.85,0.7,,376.41,0.83,,326.35,0.66
,,,585.95,0.92,,894.57,1.71,,554.65,1.07,,,289.45,0.7,,377.19,0.83,,327.03,0.67
,,,587.14,0.92,,896.38,1.72,,555.8,1.07,,,290.05,0.7,,377.97,0.84,,327.71,0.67
,,,588.34,0.92,,898.19,1.72,,556.95,1.07,,,290.66,0.7,,378.75,0.84,,328.39,0.67
,,,589.53,0.92,,899.99,1.72,,558.1,1.07,,,291.26,0.7,,379.53,0.84,,329.07,0.67
,,,590.73,0.92,,901.8,1.72,,559.25,1.07,,,291.87,0.7,,380.31,0.84,,329.75,0.67
,,,591.92,0.93,,903.61,1.73,,560.4,1.08,,,292.47,0.7,,381.09,0.84,,330.42,0.67
,,,593.12,0.93,,905.42,1.73,,561.55,1.08,,,293.07,0.7,,381.87,0.84,,331.1,0.67
,,,594.31,0.93,,907.23,1.73,,562.7,1.08,,,293.68,0.7,,382.64,0.84,,331.78,0.67
,,,595.5,0.93,,909.04,1.73,,563.85,1.08,,,294.28,0.7,,383.42,0.84,,332.46,0.67
,,,596.7,0.93,,910.85,1.74,,565,1.08,,,294.88,0.7,,384.2,0.84,,333.14,0.67
,,,597.89,0.93,,912.66,1.74,,566.15,1.08,,,295.49,0.7,,384.98,0.84,,333.81,0.67
,,,599.09,0.93,,914.46,1.74,,567.3,1.08,,,296.09,0.7,,385.76,0.84,,334.49,0.67
,,,600.28,0.94,,916.27,1.74,,568.45,1.08,,,296.69,0.7,,386.54,0.84,,335.17,0.67
,,,601.48,0.94,,918.08,1.74,,569.6,1.08,,,297.3,0.7,,387.32,0.84,,335.85,0.67
,,,602.67,0.94,,919.89,1.74,,570.75,1.08,,,297.9,0.7,,388.1,0.84,,336.53,0.67
,,,603.87,0.94,,921.7,1.75,,571.9,1.08,,,298.5,0.7,,388.88,0.85,,337.2,0.67
,,,605.06,0.94,,923.51,1.75,,573.05,1.09,,,299.11,0.7,,389.65,0.85,,337.88,0.67
,,,606.25,0.94,,925.32,1.75,,574.2,1.09,,,299.71,0.71,,390.43,0.85,,338.56,0.67
,,,607.45,0.94,,927.13,1.75,,575.35,1.09,,,300.31,0.71,,391.21,0.85,,339.24,0.68
,,,608.64,0.94,,928.93,1.75,,576.5,1.09,,,300.92,0.71,,391.99,0.85,,339.92,0.68
,,,609.83,0.95,,930.74,1.75,,577.65,1.09,,,301.52,0.71,,392.77,0.85,,340.6,0.68
,,,611.02,0.95,,932.55,1.76,,578.8,1.09,,,302.12,0.71,,393.55,0.85,,341.27,0.68
,,,612.22,0.95,,934.36,1.76,,579.95,1.09,,,302.73,0.71,,394.33,0.85,,341.95,0.68
,,,613.41,0.95,,936.17,1.76,,581.1,1.09,,,303.33,0.71,,395.11,0.85,,342.63,0.68
,,,614.6,0.95,,937.98,1.76,,582.25,1.09,,,303.94,0.71,,395.88,0.85,,343.31,0.68
,,,615.8,0.95,,939.79,1.76,,583.4,1.09,,,304.54,0.71,,396.66,0.85,,343.99,0.68
,,,616.99,0.95,,941.59,1.76,,584.55,1.09,,,305.14,0.71,,397.44,0.85,,344.66,0.68
,,,618.18,0.95,,943.4,1.77,,585.7,1.1,,,305.75,0.71,,398.22,0.85,,345.34,0.68
,,,619.38,0.96,,945.21,1.77,,586.85,1.1,,,306.35,0.71,,399,0.86,,346.02,0.68
,,,620.57,0.96,,947.02,1.77,,588,1.1,,,306.95,0.71,,399.78,0.86,,346.7,0.68
,,,621.76,0.96,,948.83,1.77,,589.15,1.1,,,307.56,0.71,,400.56,0.86,,347.38,0.68
,,,622.95,0.96,,950.64,1.77,,590.3,1.1,,,308.16,0.71,,401.34,0.86,,348.05,0.68
,,,624.15,0.96,,952.45,1.77,,591.45,1.1,,,308.76,0.71,,402.12,0.86,,348.73,0.68
,,,625.34,0.96,,954.25,1.78,,592.6,1.1,,,309.37,0.71,,402.89,0.86,,349.41,0.68
,,,626.53,0.96,,956.06,1.78,,593.75,1.1,,,309.97,0.71,,403.67,0.86,,350.09,0.68
,,,627.73,0.96,,957.87,1.78,,594.9,1.1,,,310.57,0.71,,404.45,0.86,,350.77,0.68
,,,628.92,0.97,,959.68,1.78,,596.05,1.1,,,311.18,0.71,,405.23,0.86,,351.45,0.69
,,,630.11,0.97,,961.49,1.78,,597.2,1.1,,,311.78,0.72,,406.01,0.86,,352.12,0.69
,,,631.3,0.97,,963.3,1.78,,598.35,1.1,,,312.38,0.72,,406.79,0.86,,352.8,0.69
,,,632.5,0.97,,965.1,1.79,,599.5,1.11,,,312.99,0.72,,407.57,0.86,,353.48,0.69
,,,633.69,0.97,,966.91,1.79,,600.65,1.11,,,313.59,0.72,,408.35,0.86,,354.16,0.69
,,,634.88,0.97,,968.72,1.79,,601.8,1.11,,,314.19,0.72,,409.12,0.87,,354.84,0.69
,,,636.08,0.97,,970.53,1.79,,602.95,1.11,,,314.8,0.72,,409.9,0.87,,355.51,0.69
,,,637.27,0.98,,972.34,1.79,,604.1,1.11,,,315.4,0.72,,410.68,0.87,,356.19,0.69
,,,638.46,0.98,,974.15,1.79,,605.25,1.11,,,316,0.72,,411.46,0.87,,356.87,0.69
,,,639.66,0.98,,975.96,1.8,,606.4,1.11,,,316.61,0.72,,412.24,0.87,,357.55,0.69
,,,640.85,0.98,,977.76,1.8,,607.55,1.11,,,317.21,0.72,,413.02,0.87,,358.23,0.69
,,,642.04,0.98,,979.57,1.8,,608.7,1.11,,,317.82,0.72,,413.8,0.87,,358.9,0.69
,,,643.23,0.98,,981.38,1.8,,609.85,1.11,,,318.42,0.72,,414.58,0.87,,359.58,0.69
,,,644.43,0.98,,983.19,1.8,,611,1.11,,,319.02,0.72,,415.35,0.87,,360.26,0.69
,,,645.62,0.98,,985,1.8,,612.15,1.12,,,319.63,0.72,,416.13,0.87,,360.94,0.69
,,,646.81,0.99,,986.81,1.81,,613.3,1.12,,,320.23,0.72,,416.91,0.87,,361.62,0.69
,,,648.01,0.99,,988.61,1.81,,614.45,1.12,,,320.83,0.72,,417.69,0.87,,362.29,0.69
,,,649.2,0.99,,990.42,1.81,,615.6,1.12,,,321.44,0.72,,418.47,0.87,,362.97,0.69
,,,650.39,0.99,,992.23,1.81,,616.75,1.12,,,322.04,0.72,,419.25,0.87,,363.65,0.69
,,,651.59,0.99,,994.04,1.81,,617.9,1.12,,,322.64,0.72,,420.03,0.88,,364.33,0.7
,,,652.78,0.99,,995.85,1.81,,619.05,1.12,,,323.25,0.72,,420.81,0.88,,365.01,0.7
,,,653.98,0.99,,997.66,1.81,,620.2,1.12,,,323.85,0.72,,421.59,0.88,,365.69,0.7
,,,655.18,0.99,,999.47,1.81,,621.35,1.12,,,324.45,0.73,,422.36,0.88,,366.36,0.7
,,,656.37,1,,1001.27,1.81,,622.5,1.12,,,325.06,0.73,,423.14,0.88,,367.04,0.7
,,,657.57,1,,1003.08,1.81,,623.65,1.12,,,325.66,0.73,,423.92,0.88,,367.72,0.7
,,,658.77,1,,1004.89,1.82,,624.8,1.12,,,326.26,0.73,,424.7,0.88,,368.4,0.7
,,,659.97,1,,1006.7,1.82,,625.95,1.13,,,326.87,0.73,,425.48,0.88,,369.08,0.7
,,,661.17,1,,1008.51,1.82,,627.1,1.13,,,327.47,0.73,,426.26,0.88,,369.75,0.7
,,,662.37,1,,1010.32,1.82,,628.25,1.13,,,328.07,0.73,,427.04,0.88,,370.43,0.7
,,,663.57,1,,1012.12,1.82,,629.4,1.13,,,328.68,0.73,,427.82,0.88,,371.11,0.7
,,,664.77,1,,1013.93,1.82,,630.55,1.13,,,329.28,0.73,,428.59,0.88,,371.79,0.7
,,,665.97,1.01,,1015.74,1.82,,631.7,1.13,,,329.89,0.73,,429.37,0.88,,372.47,0.7
,,,667.17,1.01,,1017.55,1.83,,632.85,1.13,,,330.49,0.73,,430.15,0.89,,373.14,0.7
,,,668.36,1.01,,1019.36,1.83,,634,1.13,,,331.09,0.73,,430.93,0.89,,373.82,0.7
,,,669.56,1.01,,1021.17,1.83,,635.15,1.13,,,331.7,0.73,,431.71,0.89,,374.5,0.7
,,,670.75,1.01,,1022.98,1.83,,636.3,1.14,,,332.3,0.73,,432.49,0.89,,375.18,0.71
,,,671.95,1.01,,1024.78,1.83,,637.45,1.14,,,332.9,0.73,,433.27,0.89,,375.86,0.71
,,,673.14,1.01,,1026.59,1.83,,638.6,1.14,,,333.51,0.73,,434.05,0.89,,376.54,0.71
,,,674.33,1.02,,1028.4,1.83,,639.75,1.14,,,334.11,0.73,,434.83,0.89,,377.21,0.71
,,,675.53,1.02,,1030.21,1.84,,640.9,1.14,,,334.71,0.73,,435.6,0.89,,377.89,0.71
,,,676.72,1.02,,1032.02,1.84,,642.05,1.14,,,335.32,0.73,,436.38,0.89,,378.57,0.71
,,,677.92,1.02,,1033.83,1.84,,643.2,1.14,,,335.92,0.73,,437.16,0.9,,379.25,0.71
,,,679.11,1.02,,1035.64,1.84,,644.35,1.14,,,336.52,0.73,,437.94,0.9,,379.93,0.71
,,,680.31,1.02,,1037.44,1.84,,645.5,1.14,,,337.13,0.73,,438.72,0.9,,380.6,0.71
,,,681.5,1.02,,1039.25,1.84,,646.65,1.14,,,337.73,0.74,,439.5,0.9,,381.28,0.71
,,,682.7,1.02,,1041.06,1.84,,647.8,1.14,,,338.33,0.74,,440.28,0.9,,381.96,0.71
,,,683.89,1.03,,1042.87,1.84,,648.95,1.15,,,338.94,0.74,,441.06,0.9,,382.64,0.71
,,,685.09,1.03,,1044.68,1.84,,650.1,1.15,,,339.54,0.74,,441.83,0.9,,383.32,0.71
,,,686.28,1.03,,1046.49,1.84,,651.25,1.15,,,340.14,0.74,,442.61,0.9,,383.99,0.71
,,,687.48,1.03,,1048.3,1.85,,652.4,1.15,,,340.75,0.74,,443.39,0.9,,384.67,0.71
,,,688.67,1.03,,1050.1,1.85,,653.55,1.15,,,341.35,0.74,,444.17,0.9,,385.35,0.71
,,,689.87,1.03,,1051.91,1.85,,654.7,1.15,,,341.95,0.74,,444.95,0.9,,386.03,0.71
,,,691.06,1.03,,1053.72,1.85,,655.85,1.15,,,342.56,0.74,,445.73,0.91,,386.71,0.71
,,,692.25,1.03,,1055.53,1.85,,657,1.15,,,343.16,0.74,,446.51,0.91,,387.38,0.72
,,,693.45,1.04,,1057.34,1.85,,658.15,1.15,,,343.77,0.74,,447.29,0.91,,388.06,0.72
,,,694.64,1.04,,1059.15,1.85,,659.3,1.15,,,344.37,0.74,,448.07,0.91,,388.74,0.72
,,,695.84,1.04,,1060.96,1.85,,660.46,1.15,,,344.97,0.74,,448.84,0.91,,389.42,0.72
,,,697.03,1.04,,1062.76,1.85,,661.61,1.16,,,345.58,0.74,,449.62,0.91,,390.1,0.72
,,,698.23,1.04,,1064.57,1.85,,662.76,1.16,,,346.18,0.74,,450.4,0.91,,390.78,0.72
,,,699.42,1.04,,1066.38,1.85,,663.91,1.16,,,346.78,0.74,,451.18,0.91,,391.45,0.72
,,,700.62,1.04,,1068.19,1.85,,665.06,1.16,,,347.39,0.74,,451.96,0.91,,392.13,0.72
,,,701.81,1.04,,1070,1.85,,666.21,1.16,,,347.99,0.74,,452.74,0.91,,392.81,0.72
,,,703.01,1.05,,1071.81,1.86,,667.36,1.16,,,348.59,0.74,,453.52,0.91,,393.49,0.72
,,,704.2,1.05,,1073.62,1.86,,668.51,1.16,,,349.2,0.74,,454.3,0.91,,394.17,0.72
,,,705.4,1.05,,1075.42,1.86,,669.66,1.16,,,349.8,0.74,,455.07,0.92,,394.84,0.72
,,,706.59,1.05,,1077.23,1.86,,670.81,1.16,,,350.4,0.75,,455.85,0.92,,395.52,0.72
,,,707.78,1.05,,1079.04,1.85,,671.96,1.16,,,351.01,0.75,,456.63,0.92,,396.2,0.72
,,,708.98,1.05,,1080.85,1.85,,673.11,1.17,,,351.61,0.75,,457.41,0.92,,396.88,0.72
,,,710.17,1.05,,1082.66,1.85,,674.26,1.17,,,352.21,0.75,,458.19,0.92,,397.56,0.72
,,,711.37,1.05,,1084.47,1.85,,675.41,1.17,,,352.82,0.75,,458.97,0.92,,398.24,0.72
,,,712.56,1.06,,1086.28,1.85,,676.56,1.17,,,353.42,0.75,,459.75,0.92,,398.91,0.73
,,,713.76,1.06,,1088.09,1.85,,677.71,1.17,,,354.03,0.75,,460.53,0.92,,399.59,0.73
,,,714.95,1.06,,1089.89,1.85,,678.86,1.17,,,354.63,0.75,,461.3,0.92,,400.27,0.73
,,,716.15,1.06,,1091.7,1.85,,680.01,1.17,,,355.23,0.75,,462.08,0.92,,400.95,0.73
,,,717.34,1.06,,1093.51,1.85,,681.16,1.17,,,355.84,0.75,,462.86,0.92,,401.63,0.73
,,,718.54,1.06,,1095.32,1.85,,682.31,1.17,,,356.44,0.75,,463.64,0.93,,402.31,0.73
,,,719.73,1.06,,1097.13,1.85,,683.46,1.17,,,357.05,0.75,,464.42,0.93,,402.98,0.73
,,,720.93,1.07,,1098.94,1.85,,684.61,1.17,,,357.65,0.75,,465.2,0.93,,403.66,0.73
,,,722.12,1.07,,1100.75,1.85,,685.76,1.18,,,358.25,0.75,,465.98,0.93,,404.34,0.73
,,,723.32,1.07,,1102.55,1.85,,686.91,1.18,,,358.86,0.75,,466.76,0.93,,405.02,0.73
,,,724.51,1.07,,1104.36,1.85,,688.06,1.18,,,359.46,0.75,,467.54,0.93,,405.7,0.73
,,,725.7,1.07,,1106.17,1.86,,689.21,1.18,,,360.07,0.75,,468.31,0.93,,406.38,0.73
,,,726.9,1.07,,1107.98,1.86,,690.36,1.18,,,360.67,0.75,,469.09,0.93,,407.05,0.73
,,,728.09,1.07,,1109.79,1.86,,691.51,1.18,,,361.27,0.75,,469.87,0.93,,407.73,0.73
,,,729.29,1.07,,1111.6,1.86,,692.66,1.18,,,361.88,0.75,,470.65,0.93,,408.41,0.73
,,,730.48,1.08,,1113.41,1.86,,693.81,1.18,,,362.48,0.75,,471.43,0.93,,409.09,0.73
,,,731.68,1.08,,1115.21,1.86,,694.97,1.18,,,363.09,0.76,,472.21,0.93,,409.77,0.73
,,,732.87,1.08,,1117.02,1.86,,696.12,1.18,,,363.69,0.76,,472.99,0.94,,410.45,0.74
,,,734.07,1.08,,1118.83,1.86,,697.27,1.18,,,364.29,0.76,,473.77,0.94,,411.12,0.74
,,,735.26,1.08,,1120.64,1.86,,698.42,1.19,,,364.9,0.76,,474.54,0.94,,411.8,0.74
,,,736.46,1.08,,1122.45,1.86,,699.57,1.19,,,365.5,0.76,,475.32,0.94,,412.48,0.74
,,,737.65,1.08,,1124.26,1.86,,700.72,1.19,,,366.11,0.76,,476.1,0.94,,413.16,0.74
,,,738.85,1.08,,1126.07,1.86,,701.87,1.19,,,366.71,0.76,,476.88,0.94,,413.84,0.74
,,,740.04,1.09,,1127.87,1.86,,703.02,1.19,,,367.31,0.76,,477.66,0.94,,414.52,0.74
,,,741.24,1.09,,1129.68,1.86,,704.17,1.19,,,367.92,0.76,,478.44,0.94,,415.19,0.74
,,,742.43,1.09,,1131.49,1.86,,705.32,1.19,,,368.52,0.76,,479.22,0.94,,415.87,0.74
,,,743.62,1.09,,1133.3,1.86,,706.47,1.19,,,369.13,0.76,,480,0.94,,416.55,0.74
,,,744.82,1.09,,1135.11,1.86,,707.62,1.19,,,369.73,0.76,,480.78,0.94,,417.23,0.74
,,,746.01,1.09,,1136.92,1.86,,708.77,1.19,,,370.33,0.76,,481.55,0.95,,417.91,0.74
,,,747.21,1.09,,1138.73,1.86,,709.92,1.19,,,370.94,0.76,,482.33,0.95,,418.59,0.74
,,,748.4,1.1,,1140.53,1.86,,711.07,1.2,,,371.54,0.76,,483.11,0.95,,419.26,0.74
,,,749.6,1.1,,1142.34,1.86,,712.22,1.2,,,372.15,0.76,,483.89,0.95,,419.94,0.74
,,,750.79,1.1,,1144.15,1.86,,713.37,1.2,,,372.75,0.76,,484.67,0.95,,420.62,0.74
,,,751.99,1.1,,1145.96,1.86,,714.52,1.2,,,373.35,0.76,,485.45,0.95,,421.3,0.74
,,,753.18,1.1,,1147.77,1.86,,715.67,1.2,,,373.96,0.76,,486.23,0.95,,421.98,0.74
,,,754.38,1.1,,1149.58,1.86,,716.82,1.2,,,374.56,0.76,,487.01,0.95,,422.66,0.75
,,,755.57,1.1,,1151.39,1.86,,717.98,1.2,,,375.17,0.76,,487.78,0.95,,423.33,0.75
,,,756.77,1.1,,1153.19,1.86,,719.13,1.2,,,375.77,0.76,,488.56,0.95,,424.01,0.75
,,,757.96,1.11,,1155,1.86,,720.28,1.2,,,376.37,0.76,,489.34,0.95,,424.69,0.75
,,,759.16,1.11,,1156.81,1.86,,721.43,1.2,,,376.98,0.76,,490.12,0.95,,425.37,0.75
,,,760.35,1.11,,1158.62,1.86,,722.58,1.2,,,377.58,0.77,,490.9,0.96,,426.05,0.75
,,,761.54,1.11,,1160.43,1.87,,723.73,1.21,,,378.19,0.77,,491.68,0.96,,426.73,0.75
,,,762.74,1.11,,1162.24,1.87,,724.88,1.21,,,378.79,0.77,,492.46,0.96,,427.4,0.75
,,,763.93,1.11,,1164.05,1.87,,726.03,1.21,,,379.39,0.77,,493.24,0.96,,428.08,0.75
,,,765.13,1.11,,1165.86,1.87,,727.18,1.21,,,380,0.77,,494.02,0.96,,428.76,0.75
,,,766.32,1.12,,1167.66,1.87,,728.33,1.21,,,380.6,0.77,,494.79,0.96,,429.44,0.75
,,,767.52,1.12,,1169.47,1.87,,729.48,1.21,,,381.21,0.77,,495.57,0.96,,430.12,0.75
,,,768.71,1.12,,1171.28,1.87,,730.63,1.21,,,381.81,0.77,,496.35,0.96,,430.8,0.75
,,,769.91,1.12,,1173.09,1.87,,731.78,1.21,,,382.41,0.77,,497.13,0.96,,431.47,0.75
,,,771.1,1.12,,,,,732.93,1.21,,,383.02,0.77,,497.91,0.96,,432.15,0.75
,,,772.3,1.12,,,,,734.08,1.21,,,383.62,0.77,,498.69,0.96,,432.83,0.75
,,,773.49,1.13,,,,,735.23,1.21,,,384.23,0.77,,499.47,0.97,,433.51,0.75
,,,774.69,1.13,,,,,736.39,1.22,,,384.83,0.77,,500.25,0.97,,434.19,0.75
,,,775.88,1.13,,,,,737.54,1.22,,,385.43,0.77,,501.03,0.97,,434.87,0.76
,,,777.08,1.13,,,,,738.69,1.22,,,386.04,0.77,,501.81,0.97,,435.55,0.76
,,,778.27,1.13,,,,,739.84,1.22,,,386.64,0.77,,502.59,0.97,,436.23,0.76
,,,779.47,1.13,,,,,741,1.22,,,387.25,0.77,,503.37,0.97,,436.91,0.76
,,,780.66,1.13,,,,,742.15,1.22,,,387.85,0.77,,504.15,0.97,,437.59,0.76
,,,781.86,1.14,,,,,743.3,1.22,,,388.45,0.77,,504.94,0.97,,438.27,0.76
,,,783.05,1.14,,,,,744.45,1.22,,,389.06,0.77,,505.72,0.97,,438.95,0.76
,,,784.25,1.14,,,,,745.6,1.22,,,389.66,0.77,,506.5,0.97,,439.63,0.76
,,,785.44,1.14,,,,,746.76,1.22,,,390.27,0.77,,507.28,0.97,,440.3,0.76
,,,786.64,1.14,,,,,747.91,1.22,,,390.87,0.77,,508.06,0.97,,440.98,0.76
,,,787.83,1.14,,,,,749.06,1.23,,,391.47,0.78,,508.84,0.98,,441.66,0.76
,,,789.03,1.14,,,,,750.21,1.23,,,392.08,0.78,,509.62,0.98,,442.34,0.76
,,,790.22,1.14,,,,,751.36,1.23,,,392.68,0.78,,510.4,0.98,,443.02,0.76
,,,791.42,1.15,,,,,752.51,1.23,,,393.29,0.78,,511.18,0.98,,443.7,0.76
,,,792.61,1.15,,,,,753.66,1.23,,,393.89,0.78,,511.96,0.98,,444.38,0.76
,,,793.81,1.15,,,,,754.82,1.23,,,394.49,0.78,,512.74,0.98,,445.06,0.76
,,,795,1.15,,,,,755.97,1.23,,,395.1,0.78,,513.51,0.98,,445.73,0.76
,,,796.19,1.15,,,,,757.11,1.23,,,395.69,0.78,,514.29,0.98,,446.41,0.77
,,,797.39,1.15,,,,,758.25,1.23,,,396.29,0.78,,515.07,0.98,,447.08,0.77
,,,798.58,1.15,,,,,759.39,1.23,,,396.88,0.78,,515.85,0.98,,447.76,0.77
,,,799.78,1.16,,,,,760.54,1.23,,,397.47,0.78,,516.63,0.98,,448.43,0.77
,,,800.97,1.16,,,,,761.68,1.24,,,398.07,0.78,,517.41,0.99,,449.1,0.77
,,,802.17,1.16,,,,,762.82,1.24,,,398.66,0.78,,518.19,0.99,,449.78,0.77
,,,803.36,1.16,,,,,763.96,1.24,,,399.26,0.78,,518.97,0.99,,450.45,0.77
,,,804.56,1.16,,,,,765.12,1.24,,,399.86,0.78,,519.75,0.99,,451.13,0.77
,,,805.75,1.16,,,,,766.27,1.24,,,400.47,0.78,,520.53,0.99,,451.81,0.77
,,,806.95,1.16,,,,,767.42,1.24,,,401.07,0.78,,521.31,0.99,,452.49,0.77
,,,808.14,1.17,,,,,768.57,1.24,,,401.67,0.78,,522.08,0.99,,453.16,0.77
,,,809.34,1.17,,,,,769.72,1.24,,,402.28,0.78,,522.86,0.99,,453.84,0.77
,,,810.53,1.17,,,,,770.87,1.24,,,402.88,0.78,,523.64,0.99,,454.52,0.77
,,,811.73,1.17,,,,,772.02,1.24,,,403.48,0.78,,524.42,0.99,,455.2,0.77
,,,812.92,1.17,,,,,773.17,1.24,,,404.09,0.78,,525.2,0.99,,455.88,0.77
,,,814.12,1.17,,,,,774.32,1.25,,,404.69,0.78,,525.98,1,,456.56,0.77
,,,815.31,1.17,,,,,775.47,1.25,,,405.29,0.78,,526.76,1,,457.23,0.77
,,,816.51,1.17,,,,,776.62,1.25,,,405.9,0.79,,527.54,1,,457.91,0.77
,,,817.7,1.18,,,,,777.77,1.25,,,406.5,0.79,,528.32,1,,458.59,0.78
,,,818.9,1.18,,,,,778.92,1.25,,,407.11,0.79,,529.1,1,,459.27,0.78
,,,820.09,1.18,,,,,780.07,1.25,,,407.71,0.79,,529.88,1,,459.95,0.78
,,,821.29,1.18,,,,,781.22,1.25,,,408.31,0.79,,530.65,1,,460.63,0.78
,,,822.48,1.18,,,,,782.37,1.25,,,408.92,0.79,,531.43,1,,461.3,0.78
,,,823.68,1.18,,,,,783.52,1.25,,,409.52,0.79,,532.21,1,,461.98,0.78
,,,824.87,1.18,,,,,784.67,1.25,,,410.12,0.79,,532.99,1,,462.66,0.78
,,,826.07,1.19,,,,,785.82,1.26,,,410.73,0.79,,533.77,1,,463.34,0.78
,,,827.26,1.19,,,,,786.97,1.26,,,411.33,0.79,,534.55,1.01,,464.02,0.78
,,,828.46,1.19,,,,,788.12,1.26,,,411.93,0.79,,535.33,1.01,,464.7,0.78
,,,829.65,1.19,,,,,789.27,1.26,,,412.54,0.79,,536.11,1.01,,465.37,0.78
,,,830.85,1.19,,,,,790.42,1.26,,,413.14,0.79,,536.89,1.01,,466.05,0.78
,,,832.04,1.19,,,,,791.57,1.26,,,413.74,0.79,,537.67,1.01,,466.73,0.78
,,,833.24,1.19,,,,,792.72,1.26,,,414.35,0.79,,538.45,1.01,,467.41,0.78
,,,834.43,1.2,,,,,793.87,1.26,,,414.95,0.79,,539.22,1.01,,468.09,0.78
,,,835.63,1.2,,,,,795.03,1.26,,,415.56,0.79,,540,1.01,,468.76,0.78
,,,836.82,1.2,,,,,796.18,1.26,,,416.16,0.79,,540.78,1.01,,469.44,0.78
,,,838.02,1.2,,,,,797.33,1.26,,,416.76,0.79,,541.56,1.01,,470.12,0.79
,,,839.21,1.2,,,,,798.48,1.27,,,417.37,0.79,,542.34,1.01,,470.8,0.79
,,,840.41,1.2,,,,,799.63,1.27,,,417.97,0.79,,543.12,1.02,,471.48,0.79
,,,841.6,1.2,,,,,800.78,1.27,,,418.57,0.79,,543.9,1.02,,472.16,0.79
,,,842.79,1.21,,,,,801.93,1.27,,,419.18,0.79,,544.68,1.02,,472.83,0.79
,,,843.98,1.21,,,,,803.08,1.27,,,419.78,0.79,,545.46,1.02,,473.51,0.79
,,,845.18,1.21,,,,,804.23,1.27,,,420.38,0.8,,546.24,1.02,,474.19,0.79
,,,846.37,1.21,,,,,805.38,1.27,,,420.99,0.8,,547.02,1.02,,474.87,0.79
,,,847.56,1.21,,,,,806.53,1.27,,,421.59,0.8,,547.79,1.02,,475.55,0.79
,,,848.75,1.21,,,,,807.68,1.27,,,422.19,0.8,,548.57,1.02,,476.23,0.79
,,,849.95,1.21,,,,,808.83,1.27,,,422.8,0.8,,549.35,1.02,,476.9,0.79
,,,851.14,1.22,,,,,809.98,1.27,,,423.4,0.8,,550.13,1.02,,477.58,0.79
,,,852.33,1.22,,,,,811.13,1.28,,,424.01,0.8,,550.91,1.02,,478.26,0.79
,,,853.52,1.22,,,,,812.28,1.28,,,424.61,0.8,,551.69,1.03,,478.94,0.79
,,,854.71,1.22,,,,,813.43,1.28,,,425.21,0.8,,552.47,1.03,,479.62,0.79
,,,855.91,1.22,,,,,814.58,1.28,,,425.82,0.8,,553.25,1.03,,480.3,0.79
,,,857.1,1.22,,,,,815.73,1.28,,,426.42,0.8,,554.03,1.03,,480.97,0.79
,,,858.3,1.22,,,,,816.88,1.28,,,427.02,0.8,,554.81,1.03,,481.65,0.8
,,,859.49,1.22,,,,,818.03,1.28,,,427.63,0.8,,555.59,1.03,,482.33,0.8
,,,860.69,1.23,,,,,819.18,1.28,,,428.23,0.8,,556.36,1.03,,483.01,0.8
,,,861.88,1.23,,,,,820.33,1.28,,,428.83,0.8,,557.14,1.03,,483.69,0.8
,,,863.07,1.23,,,,,821.48,1.28,,,429.44,0.8,,557.92,1.03,,484.37,0.8
,,,864.27,1.23,,,,,822.63,1.28,,,430.04,0.8,,558.7,1.03,,485.04,0.8
,,,865.46,1.23,,,,,823.78,1.29,,,430.64,0.8,,559.48,1.03,,485.72,0.8
,,,866.66,1.23,,,,,824.93,1.29,,,431.25,0.8,,560.26,1.04,,486.4,0.8
,,,867.85,1.23,,,,,826.09,1.29,,,431.85,0.8,,561.04,1.04,,487.08,0.8
,,,869.05,1.24,,,,,827.24,1.29,,,432.46,0.8,,561.82,1.04,,487.76,0.8
,,,870.24,1.24,,,,,828.39,1.29,,,433.06,0.8,,562.6,1.04,,488.44,0.8
,,,871.44,1.24,,,,,829.54,1.29,,,433.66,0.8,,563.38,1.04,,489.11,0.8
,,,872.63,1.24,,,,,830.69,1.29,,,434.27,0.8,,564.16,1.04,,489.79,0.8
,,,873.82,1.24,,,,,831.84,1.29,,,434.87,0.81,,564.93,1.04,,490.47,0.8
,,,875.02,1.24,,,,,832.99,1.29,,,435.47,0.81,,565.71,1.04,,491.15,0.8
,,,876.21,1.24,,,,,834.14,1.29,,,436.08,0.81,,566.49,1.04,,491.83,0.8
,,,877.41,1.25,,,,,835.29,1.3,,,436.68,0.81,,567.27,1.04,,492.5,0.8
,,,878.6,1.25,,,,,836.44,1.3,,,437.28,0.81,,568.05,1.04,,493.18,0.8
,,,879.8,1.25,,,,,837.59,1.3,,,437.89,0.81,,568.83,1.05,,493.86,0.81
,,,880.99,1.25,,,,,838.74,1.3,,,438.49,0.81,,569.61,1.05,,494.54,0.81
,,,882.19,1.25,,,,,839.89,1.3,,,439.09,0.81,,570.39,1.05,,495.22,0.81
,,,883.38,1.25,,,,,841.04,1.3,,,439.7,0.81,,571.17,1.05,,495.9,0.81
,,,884.57,1.25,,,,,842.19,1.3,,,440.3,0.81,,571.95,1.05,,496.57,0.81
,,,885.77,1.26,,,,,843.34,1.3,,,440.91,0.81,,572.73,1.05,,497.25,0.81
,,,886.96,1.26,,,,,844.49,1.3,,,441.51,0.81,,573.5,1.05,,497.93,0.81
,,,888.16,1.26,,,,,845.64,1.3,,,442.11,0.81,,574.28,1.05,,498.61,0.81
,,,889.35,1.26,,,,,846.79,1.3,,,442.72,0.81,,575.06,1.05,,499.29,0.81
,,,890.55,1.26,,,,,847.94,1.3,,,443.32,0.81,,575.84,1.05,,499.97,0.81
,,,891.74,1.26,,,,,849.09,1.3,,,443.92,0.81,,576.62,1.05,,500.64,0.81
,,,892.93,1.27,,,,,850.24,1.3,,,444.53,0.81,,577.4,1.06,,501.32,0.81
,,,894.13,1.27,,,,,851.39,1.31,,,445.13,0.81,,578.18,1.06,,502,0.81
,,,895.32,1.27,,,,,852.54,1.31,,,445.73,0.81,,578.96,1.06,,502.68,0.81
,,,896.52,1.27,,,,,853.69,1.31,,,446.34,0.81,,579.74,1.06,,503.36,0.81
,,,897.71,1.27,,,,,854.84,1.31,,,446.94,0.81,,580.52,1.06,,504.04,0.81
,,,898.91,1.27,,,,,856,1.31,,,447.55,0.81,,581.3,1.06,,504.71,0.81
,,,900.1,1.27,,,,,857.15,1.31,,,448.15,0.81,,582.07,1.06,,505.39,0.81
,,,901.3,1.28,,,,,858.28,1.31,,,448.75,0.81,,582.83,1.06,,506.06,0.81
,,,902.49,1.28,,,,,859.41,1.31,,,449.36,0.81,,583.58,1.06,,506.73,0.82
,,,903.68,1.28,,,,,860.54,1.31,,,449.96,0.81,,584.34,1.06,,507.39,0.82
,,,904.88,1.28,,,,,861.67,1.31,,,450.56,0.81,,585.09,1.06,,508.06,0.82
,,,906.07,1.28,,,,,862.82,1.31,,,451.17,0.81,,585.87,1.07,,508.74,0.82
,,,907.27,1.28,,,,,863.97,1.32,,,451.77,0.81,,586.65,1.07,,509.41,0.82
,,,908.46,1.28,,,,,865.12,1.32,,,452.37,0.81,,587.43,1.07,,510.09,0.82
,,,909.66,1.29,,,,,866.27,1.32,,,452.98,0.81,,588.21,1.07,,510.77,0.82
,,,910.85,1.29,,,,,867.42,1.32,,,453.58,0.81,,588.99,1.07,,511.45,0.82
,,,912.05,1.29,,,,,868.57,1.32,,,454.18,0.81,,589.77,1.07,,512.13,0.82
,,,913.24,1.29,,,,,869.72,1.32,,,454.79,0.82,,590.55,1.07,,512.81,0.82
,,,914.43,1.29,,,,,870.87,1.32,,,455.39,0.82,,591.32,1.07,,513.48,0.82
,,,915.63,1.29,,,,,872.02,1.32,,,456,0.82,,592.1,1.07,,514.16,0.82
,,,916.82,1.3,,,,,873.17,1.32,,,456.6,0.82,,592.88,1.07,,514.84,0.82
,,,918.02,1.3,,,,,874.32,1.32,,,457.2,0.82,,593.66,1.07,,515.52,0.82
,,,919.21,1.3,,,,,875.47,1.32,,,457.81,0.82,,594.44,1.08,,516.2,0.82
,,,920.41,1.3,,,,,876.62,1.33,,,458.41,0.82,,595.22,1.08,,516.87,0.82
,,,921.6,1.3,,,,,877.77,1.33,,,459.01,0.82,,596,1.08,,517.55,0.82
,,,922.8,1.3,,,,,878.92,1.33,,,459.62,0.82,,596.78,1.08,,518.23,0.82
,,,923.99,1.3,,,,,880.07,1.33,,,460.22,0.82,,597.56,1.08,,518.91,0.83
,,,925.18,1.31,,,,,881.22,1.33,,,460.82,0.82,,598.34,1.08,,519.59,0.83
,,,926.38,1.31,,,,,882.37,1.33,,,461.43,0.82,,599.11,1.08,,520.27,0.83
,,,927.57,1.31,,,,,883.52,1.33,,,462.03,0.82,,599.89,1.08,,520.94,0.83
,,,928.77,1.31,,,,,884.67,1.33,,,462.63,0.82,,600.67,1.08,,521.62,0.83
,,,929.96,1.31,,,,,885.82,1.33,,,463.24,0.82,,601.45,1.08,,522.3,0.83
,,,931.16,1.31,,,,,886.97,1.33,,,463.84,0.82,,602.23,1.08,,522.98,0.83
,,,932.35,1.31,,,,,888.12,1.33,,,464.45,0.82,,603.01,1.08,,523.66,0.83
,,,933.55,1.32,,,,,889.27,1.34,,,465.05,0.82,,603.79,1.09,,524.34,0.83
,,,934.74,1.32,,,,,890.42,1.34,,,465.65,0.82,,604.57,1.09,,525.01,0.83
,,,935.93,1.32,,,,,891.57,1.34,,,466.26,0.82,,605.35,1.09,,525.69,0.83
,,,937.13,1.32,,,,,892.72,1.34,,,466.86,0.82,,606.13,1.09,,526.37,0.83
,,,938.32,1.32,,,,,893.87,1.34,,,467.46,0.82,,606.9,1.09,,527.05,0.83
,,,939.52,1.32,,,,,895.02,1.34,,,468.07,0.82,,607.68,1.09,,527.73,0.83
,,,940.71,1.33,,,,,896.17,1.34,,,468.67,0.82,,608.46,1.09,,528.4,0.83
,,,941.91,1.33,,,,,897.32,1.34,,,469.27,0.82,,609.24,1.09,,529.08,0.83
,,,943.1,1.33,,,,,898.48,1.34,,,469.88,0.82,,610.02,1.09,,529.76,0.83
,,,944.3,1.33,,,,,899.63,1.34,,,470.48,0.83,,610.8,1.09,,530.44,0.83
,,,945.49,1.33,,,,,900.78,1.34,,,471.08,0.83,,611.58,1.09,,531.12,0.83
,,,946.68,1.33,,,,,901.93,1.34,,,471.69,0.83,,612.36,1.09,,531.8,0.83
,,,947.88,1.33,,,,,903.08,1.35,,,472.29,0.83,,613.14,1.1,,532.47,0.84
,,,949.07,1.34,,,,,904.23,1.35,,,472.9,0.83,,613.92,1.1,,533.15,0.84
,,,950.27,1.34,,,,,905.38,1.35,,,473.5,0.83,,614.69,1.1,,533.83,0.84
,,,951.46,1.34,,,,,906.53,1.35,,,474.1,0.83,,615.47,1.1,,534.51,0.84
,,,952.66,1.34,,,,,907.68,1.35,,,474.71,0.83,,616.25,1.1,,535.19,0.84
,,,953.85,1.34,,,,,908.83,1.35,,,475.31,0.83,,617.03,1.1,,535.87,0.84
,,,955.04,1.34,,,,,909.98,1.35,,,475.91,0.83,,617.81,1.1,,536.54,0.84
,,,956.24,1.35,,,,,911.13,1.35,,,476.52,0.83,,618.59,1.1,,537.22,0.84
,,,957.43,1.35,,,,,912.28,1.35,,,477.12,0.83,,619.37,1.1,,537.9,0.84
,,,958.63,1.35,,,,,913.43,1.35,,,477.72,0.83,,620.15,1.1,,538.58,0.84
,,,959.82,1.35,,,,,914.58,1.35,,,478.33,0.83,,620.93,1.1,,539.26,0.84
,,,961.01,1.35,,,,,915.73,1.35,,,478.93,0.83,,621.71,1.1,,539.93,0.84
,,,962.21,1.35,,,,,916.88,1.36,,,479.53,0.83,,622.48,1.1,,540.61,0.84
,,,963.4,1.35,,,,,918.03,1.36,,,480.14,0.83,,623.26,1.11,,541.29,0.84
,,,964.6,1.35,,,,,919.18,1.36,,,480.74,0.83,,624.04,1.11,,541.97,0.84
,,,965.79,1.36,,,,,920.33,1.36,,,481.35,0.83,,624.82,1.11,,542.65,0.84
,,,966.98,1.36,,,,,921.48,1.36,,,481.95,0.83,,625.6,1.11,,543.33,0.84
,,,968.18,1.36,,,,,922.63,1.36,,,482.55,0.83,,626.38,1.11,,544,0.84
,,,969.37,1.36,,,,,923.78,1.36,,,483.16,0.83,,627.16,1.11,,544.68,0.84
,,,970.57,1.36,,,,,924.93,1.36,,,483.76,0.83,,627.94,1.11,,545.36,0.85
,,,971.76,1.36,,,,,926.08,1.36,,,484.36,0.83,,628.72,1.11,,546.04,0.85
,,,972.95,1.36,,,,,927.23,1.36,,,484.97,0.83,,629.5,1.11,,546.72,0.85
,,,974.15,1.37,,,,,928.38,1.36,,,485.57,0.84,,630.27,1.11,,547.4,0.85
,,,975.34,1.37,,,,,929.53,1.36,,,486.17,0.84,,631.05,1.11,,548.07,0.85
,,,976.54,1.37,,,,,930.68,1.37,,,486.78,0.84,,631.83,1.11,,548.75,0.85
,,,977.73,1.37,,,,,931.83,1.37,,,487.38,0.84,,632.61,1.12,,549.43,0.85
,,,978.92,1.37,,,,,932.98,1.37,,,487.99,0.84,,633.39,1.12,,550.11,0.85
,,,980.12,1.37,,,,,934.14,1.37,,,488.59,0.84,,634.17,1.12,,550.79,0.85
,,,981.31,1.37,,,,,935.29,1.37,,,489.19,0.84,,634.95,1.12,,551.47,0.85
,,,982.5,1.38,,,,,936.44,1.37,,,489.8,0.84,,635.73,1.12,,552.14,0.85
,,,983.7,1.38,,,,,937.59,1.37,,,490.4,0.84,,636.51,1.12,,552.82,0.85
,,,984.89,1.38,,,,,938.74,1.37,,,491,0.84,,637.28,1.12,,553.5,0.85
,,,986.09,1.38,,,,,939.89,1.37,,,491.61,0.84,,638.06,1.12,,554.18,0.85
,,,987.28,1.38,,,,,941.04,1.37,,,492.21,0.84,,638.84,1.12,,554.86,0.85
,,,988.47,1.38,,,,,942.19,1.37,,,492.82,0.84,,639.62,1.12,,555.54,0.85
,,,989.67,1.38,,,,,943.34,1.37,,,493.42,0.84,,640.4,1.12,,556.21,0.85
,,,990.86,1.39,,,,,944.49,1.38,,,494.02,0.84,,641.18,1.12,,556.89,0.85
,,,992.06,1.39,,,,,945.64,1.38,,,494.63,0.84,,641.96,1.12,,557.57,0.85
,,,993.25,1.39,,,,,946.79,1.38,,,495.23,0.84,,642.74,1.13,,558.25,0.86
,,,994.44,1.39,,,,,947.94,1.38,,,495.83,0.84,,643.52,1.13,,558.93,0.86
,,,995.64,1.39,,,,,949.09,1.38,,,496.44,0.84,,644.3,1.13,,559.6,0.86
,,,996.83,1.39,,,,,950.24,1.38,,,497.04,0.84,,645.07,1.13,,560.28,0.86
,,,998.03,1.39,,,,,951.39,1.38,,,497.64,0.84,,645.85,1.13,,560.96,0.86
,,,999.22,1.4,,,,,952.54,1.38,,,498.25,0.84,,646.63,1.13,,561.64,0.86
,,,1000.41,1.4,,,,,953.69,1.38,,,498.85,0.84,,647.41,1.13,,562.32,0.86
,,,1001.61,1.4,,,,,954.84,1.38,,,499.46,0.84,,648.19,1.13,,563,0.86
,,,1002.8,1.4,,,,,955.99,1.38,,,500.06,0.84,,648.97,1.13,,563.67,0.86
,,,1004,1.4,,,,,957.14,1.38,,,500.66,0.84,,649.75,1.13,,564.35,0.86
,,,1005.19,1.4,,,,,958.29,1.38,,,501.27,0.85,,650.53,1.13,,565.03,0.86
,,,1006.38,1.4,,,,,959.44,1.39,,,501.87,0.85,,651.31,1.13,,565.71,0.86
,,,1007.58,1.4,,,,,960.59,1.39,,,502.47,0.85,,652.08,1.13,,566.39,0.86
,,,1008.77,1.41,,,,,961.74,1.39,,,503.08,0.85,,652.86,1.13,,567.07,0.86
,,,1009.97,1.41,,,,,962.89,1.39,,,503.68,0.85,,653.64,1.14,,567.74,0.86
,,,1011.17,1.41,,,,,964.04,1.39,,,504.29,0.85,,654.42,1.14,,568.42,0.86
,,,1012.36,1.41,,,,,965.19,1.39,,,504.89,0.85,,655.2,1.14,,569.1,0.86
,,,1013.56,1.41,,,,,966.34,1.39,,,505.49,0.85,,655.98,1.14,,569.78,0.86
,,,1014.76,1.41,,,,,967.49,1.39,,,506.1,0.85,,656.76,1.14,,570.46,0.86
,,,1015.95,1.41,,,,,968.64,1.39,,,506.7,0.85,,657.54,1.14,,571.13,0.86
,,,1017.15,1.41,,,,,969.8,1.39,,,507.3,0.85,,658.32,1.14,,571.81,0.86
,,,1018.35,1.42,,,,,970.95,1.39,,,507.91,0.85,,659.09,1.14,,572.49,0.87
,,,1019.54,1.42,,,,,972.1,1.39,,,508.51,0.85,,659.87,1.14,,573.17,0.87
,,,1020.74,1.42,,,,,973.25,1.39,,,509.11,0.85,,660.65,1.14,,573.85,0.87
,,,1021.94,1.42,,,,,974.4,1.4,,,509.72,0.85,,661.43,1.14,,574.53,0.87
,,,1023.13,1.42,,,,,975.55,1.4,,,510.32,0.85,,662.21,1.14,,575.2,0.87
,,,1024.33,1.42,,,,,976.7,1.4,,,510.93,0.85,,662.99,1.14,,575.88,0.87
,,,1025.52,1.42,,,,,977.85,1.4,,,511.53,0.85,,663.77,1.14,,576.56,0.87
,,,1026.72,1.42,,,,,979,1.4,,,512.13,0.85,,664.55,1.15,,577.24,0.87
,,,1027.91,1.43,,,,,980.15,1.4,,,512.74,0.85,,665.33,1.15,,577.92,0.87
,,,1029.11,1.43,,,,,981.3,1.4,,,513.34,0.85,,666.1,1.15,,578.6,0.87
,,,1030.3,1.43,,,,,982.45,1.4,,,513.94,0.85,,666.88,1.15,,579.27,0.87
,,,1031.5,1.43,,,,,983.6,1.4,,,514.55,0.85,,667.66,1.15,,579.95,0.87
,,,1032.69,1.43,,,,,984.75,1.4,,,515.15,0.85,,668.44,1.15,,580.63,0.87
,,,1033.89,1.43,,,,,985.9,1.4,,,515.75,0.85,,669.22,1.15,,581.31,0.87
,,,1035.08,1.43,,,,,987.05,1.4,,,516.36,0.86,,670,1.15,,581.99,0.87
,,,1036.27,1.44,,,,,988.2,1.4,,,516.96,0.86,,670.78,1.15,,582.67,0.87
,,,1037.47,1.44,,,,,989.35,1.41,,,517.57,0.86,,671.56,1.15,,583.34,0.87
,,,1038.66,1.44,,,,,990.5,1.41,,,518.17,0.86,,672.34,1.15,,584.02,0.87
,,,1039.86,1.44,,,,,991.65,1.41,,,518.77,0.86,,673.11,1.15,,584.7,0.87
,,,1041.05,1.44,,,,,992.8,1.41,,,519.38,0.86,,673.89,1.15,,585.38,0.87
,,,1042.25,1.44,,,,,993.95,1.41,,,519.98,0.86,,674.67,1.15,,586.06,0.88
,,,1043.44,1.44,,,,,995.1,1.41,,,520.58,0.86,,675.45,1.15,,586.73,0.88
,,,1044.64,1.44,,,,,996.25,1.41,,,521.19,0.86,,676.23,1.16,,587.41,0.88
,,,1045.83,1.45,,,,,997.4,1.41,,,521.79,0.86,,677.01,1.16,,588.09,0.88
,,,1047.03,1.45,,,,,998.55,1.41,,,522.4,0.86,,677.79,1.16,,588.77,0.88
,,,1048.22,1.45,,,,,999.7,1.41,,,523,0.86,,678.57,1.16,,589.45,0.88
,,,1049.42,1.45,,,,,1000.85,1.41,,,523.6,0.86,,679.34,1.16,,590.13,0.88
,,,1050.61,1.45,,,,,1002,1.41,,,524.21,0.86,,680.12,1.16,,590.8,0.88
,,,1051.81,1.45,,,,,1003.15,1.41,,,524.81,0.86,,680.9,1.16,,591.48,0.88
,,,1053,1.45,,,,,1004.3,1.41,,,525.41,0.86,,681.68,1.16,,592.16,0.88
,,,1054.2,1.45,,,,,1005.45,1.42,,,526.02,0.86,,682.46,1.16,,592.84,0.88
,,,1055.39,1.45,,,,,1006.6,1.42,,,526.62,0.86,,683.24,1.16,,593.52,0.88
,,,1056.58,1.46,,,,,1007.75,1.42,,,527.22,0.86,,684.02,1.16,,594.19,0.88
,,,1057.78,1.46,,,,,1008.9,1.42,,,527.83,0.86,,684.8,1.16,,594.87,0.88
,,,1058.97,1.46,,,,,1010.05,1.42,,,528.43,0.86,,685.57,1.16,,595.55,0.88
,,,1060.17,1.46,,,,,1011.2,1.42,,,529.04,0.86,,686.35,1.16,,596.23,0.88
,,,1061.36,1.46,,,,,1012.35,1.42,,,529.64,0.86,,687.13,1.16,,596.91,0.88
,,,1062.56,1.46,,,,,1013.5,1.42,,,530.24,0.86,,687.91,1.16,,597.58,0.88
,,,1063.75,1.46,,,,,1014.65,1.42,,,530.85,0.86,,688.69,1.17,,598.26,0.88
,,,1064.95,1.46,,,,,1015.8,1.42,,,531.45,0.86,,689.47,1.17,,598.94,0.88
,,,1066.14,1.46,,,,,1016.95,1.42,,,532.05,0.86,,690.25,1.17,,599.62,0.88
,,,1067.34,1.47,,,,,1018.1,1.42,,,532.66,0.86,,691.03,1.17,,600.3,0.88
,,,1068.53,1.47,,,,,1019.25,1.42,,,533.26,0.86,,691.8,1.17,,600.98,0.88
,,,1069.73,1.47,,,,,1020.4,1.42,,,533.87,0.86,,692.58,1.17,,601.65,0.88
,,,1070.92,1.47,,,,,1021.55,1.42,,,534.47,0.87,,693.36,1.17,,602.33,0.88
,,,1072.12,1.47,,,,,1022.7,1.42,,,535.07,0.87,,694.14,1.17,,603.01,0.88
,,,1073.31,1.47,,,,,1023.85,1.42,,,535.68,0.87,,694.92,1.17,,603.69,0.88
,,,1074.51,1.47,,,,,1025.01,1.42,,,536.28,0.87,,695.7,1.17,,604.37,0.88
,,,1075.7,1.47,,,,,1026.16,1.43,,,536.88,0.87,,696.48,1.17,,605.04,0.89
,,,1076.89,1.47,,,,,1027.31,1.43,,,537.49,0.87,,697.25,1.17,,605.72,0.89
,,,1078.09,1.47,,,,,1028.46,1.43,,,538.09,0.87,,698.03,1.17,,606.4,0.89
,,,1079.28,1.48,,,,,1029.61,1.43,,,538.69,0.87,,698.81,1.17,,607.08,0.89
,,,1080.48,1.48,,,,,1030.76,1.43,,,539.3,0.87,,699.59,1.17,,607.76,0.89
,,,1081.67,1.48,,,,,1031.91,1.43,,,539.9,0.87,,700.37,1.17,,608.44,0.89
,,,1082.87,1.48,,,,,1033.06,1.43,,,540.51,0.87,,701.15,1.17,,609.11,0.89
,,,1084.06,1.48,,,,,1034.21,1.43,,,541.11,0.87,,701.93,1.17,,609.79,0.89
,,,1085.26,1.48,,,,,1035.36,1.43,,,541.71,0.87,,702.71,1.17,,610.47,0.89
,,,1086.45,1.48,,,,,1036.51,1.43,,,542.32,0.87,,703.48,1.17,,611.15,0.89
,,,1087.65,1.48,,,,,1037.66,1.43,,,542.92,0.87,,704.26,1.17,,611.83,0.89
,,,1088.84,1.48,,,,,1038.81,1.43,,,543.52,0.87,,705.04,1.17,,612.5,0.89
,,,1090.04,1.48,,,,,1039.96,1.43,,,544.13,0.87,,705.82,1.18,,613.18,0.89
,,,1091.23,1.48,,,,,1041.11,1.43,,,544.73,0.87,,706.6,1.18,,613.86,0.89
,,,1092.43,1.49,,,,,1042.26,1.43,,,545.33,0.87,,707.38,1.18,,614.54,0.89
,,,1093.62,1.49,,,,,1043.41,1.43,,,545.94,0.87,,708.16,1.18,,615.22,0.89
,,,1094.82,1.49,,,,,1044.56,1.43,,,546.54,0.87,,708.94,1.18,,615.89,0.89
,,,1096.01,1.49,,,,,1045.71,1.43,,,547.15,0.87,,709.71,1.18,,616.57,0.89
,,,1097.2,1.49,,,,,1046.86,1.43,,,547.75,0.87,,710.49,1.18,,617.25,0.89
,,,1098.4,1.49,,,,,1048.01,1.43,,,548.35,0.87,,711.27,1.18,,617.93,0.89
,,,1099.59,1.49,,,,,1049.16,1.43,,,548.96,0.87,,712.05,1.18,,618.61,0.89
,,,1100.79,1.49,,,,,1050.31,1.44,,,549.56,0.87,,712.83,1.18,,619.29,0.89
,,,1101.98,1.49,,,,,1051.46,1.44,,,550.16,0.87,,713.61,1.18,,619.96,0.89
,,,1103.18,1.49,,,,,1052.61,1.44,,,550.77,0.87,,714.39,1.18,,620.64,0.89
,,,1104.37,1.49,,,,,1053.76,1.44,,,551.37,0.87,,715.16,1.18,,621.32,0.89
,,,1105.57,1.49,,,,,1054.91,1.44,,,551.98,0.87,,715.94,1.18,,622,0.89
,,,1106.76,1.49,,,,,1056.06,1.44,,,552.58,0.87,,716.72,1.18,,622.68,0.89
,,,1107.96,1.5,,,,,1057.21,1.44,,,553.18,0.87,,717.5,1.18,,623.35,0.89
,,,1109.15,1.5,,,,,1058.36,1.44,,,553.79,0.87,,718.28,1.18,,624.03,0.89
,,,1110.35,1.5,,,,,1059.51,1.44,,,554.39,0.87,,719.06,1.18,,624.71,0.89
,,,1111.54,1.5,,,,,1060.66,1.44,,,554.99,0.87,,719.84,1.18,,625.39,0.89
,,,1112.74,1.5,,,,,1061.81,1.44,,,555.6,0.87,,720.62,1.18,,626.07,0.89
,,,1113.94,1.5,,,,,1062.96,1.44,,,556.2,0.87,,721.39,1.18,,626.75,0.89
,,,1115.13,1.5,,,,,1064.11,1.44,,,556.8,0.87,,722.17,1.18,,627.42,0.89
,,,1116.33,1.5,,,,,1065.26,1.44,,,557.41,0.87,,722.95,1.18,,628.1,0.89
,,,1117.53,1.5,,,,,1066.41,1.44,,,558.01,0.87,,723.73,1.19,,628.78,0.89
,,,1118.72,1.5,,,,,1067.56,1.44,,,558.62,0.87,,724.51,1.19,,629.46,0.89
,,,1119.92,1.5,,,,,1068.71,1.44,,,559.22,0.87,,725.29,1.19,,630.14,0.89
,,,1121.11,1.5,,,,,1069.86,1.44,,,559.82,0.87,,726.07,1.19,,630.81,0.89
,,,1122.31,1.5,,,,,1071.01,1.44,,,560.43,0.87,,726.85,1.19,,631.49,0.89
,,,1123.51,1.5,,,,,1072.16,1.44,,,561.03,0.87,,727.62,1.19,,632.17,0.89
,,,1124.7,1.51,,,,,1073.31,1.44,,,561.63,0.87,,728.4,1.19,,632.85,0.89
,,,1125.9,1.51,,,,,1074.46,1.44,,,562.24,0.87,,729.18,1.19,,633.53,0.89
,,,1127.09,1.51,,,,,1075.61,1.44,,,562.84,0.87,,729.96,1.19,,634.2,0.89
,,,1128.29,1.51,,,,,1076.76,1.44,,,563.45,0.87,,730.74,1.19,,634.88,0.89
,,,1129.49,1.51,,,,,1077.91,1.44,,,564.05,0.86,,731.52,1.19,,635.56,0.89
,,,1130.68,1.51,,,,,1079.06,1.44,,,564.65,0.86,,732.3,1.19,,636.24,0.89
,,,1131.88,1.51,,,,,1080.21,1.43,,,565.26,0.86,,733.08,1.19,,636.92,0.89
,,,1133.08,1.51,,,,,1081.36,1.43,,,565.86,0.86,,733.85,1.19,,637.6,0.89
,,,1134.27,1.51,,,,,1082.51,1.43,,,566.46,0.86,,734.63,1.19,,638.27,0.89
,,,1135.47,1.51,,,,,1083.66,1.43,,,567.07,0.86,,735.41,1.19,,638.95,0.89
,,,1136.66,1.51,,,,,1084.81,1.43,,,567.67,0.86,,736.19,1.19,,639.63,0.89
,,,1137.86,1.51,,,,,1085.96,1.43,,,568.28,0.86,,736.97,1.19,,640.31,0.89
,,,1139.06,1.51,,,,,1087.11,1.43,,,568.88,0.86,,737.75,1.19,,640.99,0.89
,,,1140.25,1.51,,,,,1088.26,1.43,,,569.48,0.86,,738.53,1.19,,641.67,0.89
,,,1141.44,1.52,,,,,1089.42,1.43,,,570.09,0.86,,739.3,1.19,,642.34,0.89
,,,1142.64,1.52,,,,,1090.57,1.43,,,570.69,0.86,,740.08,1.19,,643.02,0.89
,,,1143.83,1.52,,,,,1091.72,1.43,,,571.3,0.86,,740.86,1.19,,643.7,0.89
,,,1145.03,1.52,,,,,1092.87,1.43,,,571.9,0.85,,741.64,1.19,,644.38,0.89
,,,1146.22,1.52,,,,,1094.02,1.43,,,572.51,0.85,,742.42,1.19,,645.06,0.89
,,,1147.42,1.52,,,,,1095.17,1.43,,,573.11,0.85,,743.2,1.19,,645.74,0.89
,,,1148.61,1.52,,,,,1096.32,1.43,,,573.71,0.85,,743.98,1.19,,646.41,0.89
,,,1149.81,1.52,,,,,1097.47,1.43,,,574.32,0.85,,744.76,1.19,,647.09,0.89
,,,1151,1.52,,,,,1098.62,1.43,,,574.92,0.85,,745.53,1.19,,647.77,0.89
,,,1152.2,1.52,,,,,1099.77,1.43,,,575.53,0.85,,746.31,1.19,,648.45,0.89
,,,1153.39,1.52,,,,,1100.92,1.43,,,576.13,0.85,,747.09,1.19,,649.13,0.89
,,,1154.59,1.52,,,,,1102.07,1.42,,,576.74,0.85,,747.87,1.18,,649.81,0.88
,,,1155.78,1.52,,,,,1103.22,1.42,,,577.34,0.85,,748.65,1.18,,650.48,0.88
,,,1156.98,1.52,,,,,1104.37,1.42,,,577.94,0.85,,749.43,1.18,,651.16,0.88
,,,1158.17,1.52,,,,,1105.52,1.42,,,578.55,0.85,,750.21,1.18,,651.84,0.88
,,,1159.37,1.52,,,,,1106.67,1.42,,,579.15,0.85,,750.99,1.18,,652.52,0.88
,,,1160.56,1.52,,,,,1107.82,1.42,,,579.76,0.85,,751.76,1.18,,653.2,0.88
,,,1161.75,1.52,,,,,1108.98,1.41,,,580.36,0.84,,752.54,1.18,,653.88,0.88
,,,1162.95,1.52,,,,,1110.13,1.41,,,580.96,0.84,,753.32,1.18,,654.56,0.88
,,,1164.14,1.52,,,,,1111.28,1.4,,,581.57,0.84,,754.1,1.16,,655.23,0.87
,,,1165.34,1.52,,,,,1112.43,1.39,,,582.17,0.83,,754.88,1.15,,655.91,0.86
,,,1166.53,1.52,,,,,1113.58,1.38,,,582.78,0.83,,755.66,1.14,,656.59,0.85
,,,1167.73,1.52,,,,,1114.73,1.36,,,583.38,0.83,,756.44,1.12,,657.27,0.85
,,,1168.92,1.52,,,,,1115.88,1.36,,,583.99,0.82,,757.21,1.11,,657.95,0.84
,,,1170.12,1.52,,,,,1117.03,1.35,,,584.59,0.82,,757.99,1.11,,658.63,0.84
,,,1171.31,1.52,,,,,1118.18,1.35,,,585.19,0.82,,758.77,1.11,,659.3,0.84
,,,1172.51,1.52,,,,,1119.33,1.34,,,585.8,0.82,,759.55,1.1,,659.98,0.83
,,,1173.7,1.51,,,,,1120.48,1.34,,,586.4,0.81,,760.33,1.1,,660.66,0.83
,,,1174.9,1.5,,,,,1121.63,1.33,,,587.01,0.81,,761.11,1.09,,661.34,0.83
,,,1176.09,1.46,,,,,1122.78,1.33,,,587.61,0.81,,761.89,1.09,,662.02,0.82
,,,1177.29,1.19,,,,,1123.93,1.31,,,588.22,0.79,,762.67,1.08,,662.7,0.81
,,,1178.48,0.85,,,,,1125.08,0.95,,,588.82,0.36,,763.44,1,,663.37,0.59
,,,1179.68,-0.01,,,,,1126.23,0,,,589.42,-0.01,,764.22,0.01,,664.05,0
