Machine Name,Agilent 1260 Infinity II GPC,P35,,,P40,,,P45,
,"2 x PLgel 5 ?m MIXED-C columns (polystyrene-divinylbenzene (PS/DVB), as well as a PLgel 5 ?m guard column at 35 °C and a flow rate of 1.0 mL.min-1 with THF containing 2.0% v/v triethylamine and 0.05% w/v BHT inhibitor as solvent.",logM,dwdlogM,,logM,dwdlogM,,logM,dwdlogM
,,6.33,0,,5.86,0,,6.55,0
,,6.32,0,,5.85,0,,6.55,0
,,6.32,0,,5.85,0,,6.55,0
,,6.32,0,,5.84,0,,6.54,0
,,6.31,0,,5.84,0,,6.54,0
,,6.31,0,,5.84,0,,6.53,0
,,6.3,0,,5.83,0,,6.53,0
,,6.3,0,,5.83,0,,6.53,0
,,6.3,0,,5.82,0,,6.52,0
,,6.29,0,,5.82,0,,6.52,0
,,6.29,0,,5.82,0,,6.51,0
,,6.28,0,,5.81,0,,6.51,0
,,6.28,0,,5.81,0,,6.51,0
,,6.28,0,,5.8,0,,6.5,0
,,6.27,0,,5.8,0,,6.5,0
,,6.27,0,,5.8,0,,6.49,0
,,6.26,0,,5.79,0,,6.49,0
,,6.26,0,,5.79,0,,6.49,0
,,6.26,0,,5.78,0,,6.48,0
,,6.25,0,,5.78,0,,6.48,0
,,6.25,0,,5.78,0,,6.47,0
,,6.24,0,,5.77,0,,6.47,0
,,6.24,0,,5.77,0,,6.47,0
,,6.24,0,,5.77,0,,6.46,0
,,6.23,0,,5.76,0,,6.46,0
,,6.23,0,,5.76,0,,6.45,0
,,6.22,0,,5.75,0,,6.45,0
,,6.22,0,,5.75,0,,6.45,0
,,6.22,0,,5.75,0,,6.44,0
,,6.21,0,,5.74,0,,6.44,0
,,6.21,0,,5.74,0,,6.43,0
,,6.21,0,,5.73,0,,6.43,0
,,6.2,0,,5.73,0,,6.43,0
,,6.2,0,,5.73,0,,6.42,0
,,6.19,0,,5.72,0,,6.42,0
,,6.19,0,,5.72,0,,6.42,0
,,6.19,0,,5.71,0,,6.41,0
,,6.18,0,,5.71,0,,6.41,0
,,6.18,0,,5.71,0,,6.4,0
,,6.17,0,,5.7,0,,6.4,0
,,6.17,0,,5.7,0,,6.4,0
,,6.17,0,,5.69,0,,6.39,0
,,6.16,0,,5.69,0,,6.39,0
,,6.16,0,,5.69,0,,6.38,0
,,6.15,0,,5.68,0,,6.38,0
,,6.15,0,,5.68,0,,6.38,0
,,6.15,0,,5.67,0,,6.37,0
,,6.14,0,,5.67,0,,6.37,0
,,6.14,0,,5.67,0,,6.36,0
,,6.13,0,,5.66,0,,6.36,0
,,6.13,0,,5.66,0,,6.36,0
,,6.13,0,,5.65,0,,6.35,0
,,6.12,0,,5.65,0,,6.35,0
,,6.12,0,,5.65,0,,6.34,0
,,6.11,0,,5.64,0,,6.34,0
,,6.11,0,,5.64,0,,6.34,0
,,6.11,0,,5.63,0,,6.33,0
,,6.1,0,,5.63,0,,6.33,0
,,6.1,0,,5.63,0,,6.32,0
,,6.09,0,,5.62,0,,6.32,0
,,6.09,0,,5.62,0,,6.32,0
,,6.09,0,,5.61,0,,6.31,0
,,6.08,0,,5.61,0,,6.31,0
,,6.08,0,,5.61,0,,6.3,0
,,6.07,0,,5.6,0,,6.3,0
,,6.07,0,,5.6,0,,6.3,0
,,6.07,0,,5.59,0,,6.29,0
,,6.06,0,,5.59,0,,6.29,0
,,6.06,0,,5.59,0,,6.28,0
,,6.05,0,,5.58,0,,6.28,0
,,6.05,0,,5.58,0,,6.28,0
,,6.05,0,,5.57,0,,6.27,0
,,6.04,0,,5.57,0,,6.27,0
,,6.04,0,,5.57,0,,6.26,0
,,6.03,0,,5.56,0,,6.26,0
,,6.03,0,,5.56,0,,6.26,0
,,6.03,0,,5.56,0,,6.25,0
,,6.02,0,,5.55,0,,6.25,0
,,6.02,0,,5.55,0,,6.24,0
,,6.01,0,,5.54,0,,6.24,0
,,6.01,0,,5.54,0,,6.24,0
,,6.01,0,,5.54,0,,6.23,0
,,6,0,,5.53,0,,6.23,0
,,6,0,,5.53,0,,6.22,0
,,6,0,,5.52,0,,6.22,0
,,5.99,0,,5.52,0,,6.22,0
,,5.99,0,,5.52,0,,6.21,0
,,5.98,0,,5.51,0,,6.21,0
,,5.98,0,,5.51,0,,6.21,0
,,5.98,0,,5.5,0.01,,6.2,0
,,5.97,0,,5.5,0.01,,6.2,0
,,5.97,0,,5.5,0.01,,6.19,0
,,5.96,0,,5.49,0.01,,6.19,0
,,5.96,0,,5.49,0.01,,6.19,0
,,5.96,0,,5.48,0.01,,6.18,0
,,5.95,0,,5.48,0.01,,6.18,0
,,5.95,0,,5.48,0.01,,6.17,0
,,5.94,0,,5.47,0.01,,6.17,0
,,5.94,0,,5.47,0.01,,6.17,0
,,5.94,0,,5.46,0.01,,6.16,0
,,5.93,0,,5.46,0.01,,6.16,0
,,5.93,0,,5.46,0.01,,6.15,0
,,5.92,0,,5.45,0.01,,6.15,0
,,5.92,0,,5.45,0.01,,6.15,0
,,5.92,0,,5.44,0.01,,6.14,0
,,5.91,0,,5.44,0.01,,6.14,0
,,5.91,0,,5.44,0.01,,6.13,0
,,5.9,0,,5.43,0.01,,6.13,0
,,5.9,0,,5.43,0.01,,6.13,0
,,5.9,0,,5.42,0.01,,6.12,0
,,5.89,0,,5.42,0.01,,6.12,0
,,5.89,0,,5.42,0.01,,6.11,0
,,5.88,0,,5.41,0.01,,6.11,0
,,5.88,0,,5.41,0.01,,6.11,0
,,5.88,0,,5.4,0.01,,6.1,0
,,5.87,0,,5.4,0.01,,6.1,0
,,5.87,0,,5.4,0.01,,6.09,0
,,5.86,0,,5.39,0.01,,6.09,0
,,5.86,0,,5.39,0.01,,6.09,0
,,5.86,0,,5.38,0.01,,6.08,0
,,5.85,0,,5.38,0.01,,6.08,0
,,5.85,0,,5.38,0.02,,6.07,0
,,5.84,0,,5.37,0.02,,6.07,0
,,5.84,0,,5.37,0.02,,6.07,0
,,5.84,0,,5.36,0.02,,6.06,0
,,5.83,0,,5.36,0.02,,6.06,0
,,5.83,0,,5.36,0.02,,6.05,0
,,5.82,0,,5.35,0.02,,6.05,0
,,5.82,0,,5.35,0.02,,6.05,0
,,5.82,0,,5.34,0.02,,6.04,0
,,5.81,0,,5.34,0.02,,6.04,0
,,5.81,0,,5.34,0.02,,6.03,0
,,5.8,0,,5.33,0.02,,6.03,0
,,5.8,0,,5.33,0.02,,6.03,0
,,5.8,0,,5.33,0.03,,6.02,0
,,5.79,0,,5.32,0.03,,6.02,0
,,5.79,0,,5.32,0.03,,6.01,0
,,5.78,0,,5.31,0.03,,6.01,0
,,5.78,0,,5.31,0.03,,6.01,0
,,5.78,0,,5.31,0.03,,6,0
,,5.77,0,,5.3,0.03,,6,0
,,5.77,0,,5.3,0.03,,6,0
,,5.77,0,,5.29,0.03,,5.99,0
,,5.76,0,,5.29,0.04,,5.99,0
,,5.76,0,,5.29,0.04,,5.98,0
,,5.75,0,,5.28,0.04,,5.98,0
,,5.75,0,,5.28,0.04,,5.98,0
,,5.75,0,,5.27,0.04,,5.97,0
,,5.74,0,,5.27,0.04,,5.97,0
,,5.74,0,,5.27,0.04,,5.96,0
,,5.73,0,,5.26,0.05,,5.96,0
,,5.73,0,,5.26,0.05,,5.96,0
,,5.73,0,,5.25,0.05,,5.95,0
,,5.72,0,,5.25,0.05,,5.95,0
,,5.72,0,,5.25,0.05,,5.94,0
,,5.71,0,,5.24,0.05,,5.94,0
,,5.71,0,,5.24,0.06,,5.94,0
,,5.71,0,,5.23,0.06,,5.93,0
,,5.7,0,,5.23,0.06,,5.93,0
,,5.7,0,,5.23,0.06,,5.92,0
,,5.69,0,,5.22,0.06,,5.92,0
,,5.69,0,,5.22,0.07,,5.92,0
,,5.69,0,,5.21,0.07,,5.91,0
,,5.68,0,,5.21,0.07,,5.91,0
,,5.68,0,,5.21,0.07,,5.9,0
,,5.67,0,,5.2,0.08,,5.9,0
,,5.67,0,,5.2,0.08,,5.9,0
,,5.67,0,,5.19,0.08,,5.89,0
,,5.66,0,,5.19,0.08,,5.89,0
,,5.66,0,,5.19,0.09,,5.88,0
,,5.65,0,,5.18,0.09,,5.88,0
,,5.65,0,,5.18,0.09,,5.88,0
,,5.65,0,,5.17,0.09,,5.87,0
,,5.64,0,,5.17,0.1,,5.87,0
,,5.64,0,,5.17,0.1,,5.86,0
,,5.63,0,,5.16,0.1,,5.86,0
,,5.63,0,,5.16,0.11,,5.86,0
,,5.63,0,,5.15,0.11,,5.85,0
,,5.62,0,,5.15,0.11,,5.85,0
,,5.62,0,,5.15,0.12,,5.84,0
,,5.61,0,,5.14,0.12,,5.84,0
,,5.61,0,,5.14,0.12,,5.84,0
,,5.61,0,,5.13,0.13,,5.83,0
,,5.6,0,,5.13,0.13,,5.83,0
,,5.6,0,,5.13,0.13,,5.82,0
,,5.59,0,,5.12,0.14,,5.82,0
,,5.59,0,,5.12,0.14,,5.82,0
,,5.59,0,,5.12,0.14,,5.81,0
,,5.58,0,,5.11,0.15,,5.81,0
,,5.58,0,,5.11,0.15,,5.8,0
,,5.57,0,,5.1,0.16,,5.8,0
,,5.57,0,,5.1,0.16,,5.8,0
,,5.57,0,,5.1,0.16,,5.79,0
,,5.56,0,,5.09,0.17,,5.79,0
,,5.56,0,,5.09,0.17,,5.78,0
,,5.56,0,,5.08,0.18,,5.78,0
,,5.55,0,,5.08,0.18,,5.78,0
,,5.55,0,,5.08,0.19,,5.77,0
,,5.54,0,,5.07,0.19,,5.77,0
,,5.54,0,,5.07,0.2,,5.77,0
,,5.54,0,,5.06,0.2,,5.76,0
,,5.53,0,,5.06,0.21,,5.76,0
,,5.53,0,,5.06,0.21,,5.75,0
,,5.52,0,,5.05,0.22,,5.75,0
,,5.52,0,,5.05,0.22,,5.75,0
,,5.52,0,,5.04,0.23,,5.74,0
,,5.51,0,,5.04,0.23,,5.74,0
,,5.51,0,,5.04,0.24,,5.73,0
,,5.5,0,,5.03,0.24,,5.73,0
,,5.5,0,,5.03,0.25,,5.73,0
,,5.5,0,,5.02,0.25,,5.72,0
,,5.49,0,,5.02,0.26,,5.72,0
,,5.49,0,,5.02,0.27,,5.71,0
,,5.48,0,,5.01,0.27,,5.71,0
,,5.48,0,,5.01,0.28,,5.71,0
,,5.48,0,,5,0.28,,5.7,0
,,5.47,0,,5,0.29,,5.7,0
,,5.47,0,,5,0.3,,5.69,0
,,5.46,0,,4.99,0.3,,5.69,0
,,5.46,0,,4.99,0.31,,5.69,0
,,5.46,0,,4.98,0.31,,5.68,0
,,5.45,0,,4.98,0.32,,5.68,0
,,5.45,0,,4.98,0.33,,5.67,0
,,5.44,0,,4.97,0.33,,5.67,0
,,5.44,0,,4.97,0.34,,5.67,0
,,5.44,0.01,,4.96,0.35,,5.66,0
,,5.43,0.01,,4.96,0.35,,5.66,0
,,5.43,0.01,,4.96,0.36,,5.65,0
,,5.42,0.01,,4.95,0.36,,5.65,0
,,5.42,0.01,,4.95,0.37,,5.65,0
,,5.42,0.01,,4.94,0.38,,5.64,0
,,5.41,0.01,,4.94,0.38,,5.64,0
,,5.41,0.01,,4.94,0.39,,5.63,0
,,5.4,0.01,,4.93,0.4,,5.63,0
,,5.4,0.01,,4.93,0.4,,5.63,0
,,5.4,0.01,,4.92,0.41,,5.62,0
,,5.39,0.01,,4.92,0.42,,5.62,0
,,5.39,0.01,,4.92,0.42,,5.61,0
,,5.38,0.01,,4.91,0.43,,5.61,0
,,5.38,0.01,,4.91,0.44,,5.61,0
,,5.38,0.01,,4.91,0.45,,5.6,0
,,5.37,0.01,,4.9,0.45,,5.6,0
,,5.37,0.01,,4.9,0.46,,5.59,0
,,5.36,0.01,,4.89,0.47,,5.59,0
,,5.36,0.01,,4.89,0.47,,5.59,0
,,5.36,0.01,,4.89,0.48,,5.58,0
,,5.35,0.01,,4.88,0.49,,5.58,0
,,5.35,0.01,,4.88,0.49,,5.57,0
,,5.34,0.01,,4.87,0.5,,5.57,0
,,5.34,0.01,,4.87,0.51,,5.57,0
,,5.34,0.01,,4.87,0.52,,5.56,0
,,5.33,0.01,,4.86,0.52,,5.56,0
,,5.33,0.01,,4.86,0.53,,5.56,0
,,5.33,0.01,,4.85,0.54,,5.55,0
,,5.32,0.01,,4.85,0.54,,5.55,0
,,5.32,0.01,,4.85,0.55,,5.54,0
,,5.31,0.01,,4.84,0.56,,5.54,0
,,5.31,0.01,,4.84,0.57,,5.54,0
,,5.31,0.01,,4.83,0.58,,5.53,0
,,5.3,0.01,,4.83,0.58,,5.53,0
,,5.3,0.01,,4.83,0.59,,5.52,0
,,5.29,0.01,,4.82,0.6,,5.52,0
,,5.29,0.02,,4.82,0.61,,5.52,0
,,5.29,0.02,,4.81,0.61,,5.51,0
,,5.28,0.02,,4.81,0.62,,5.51,0
,,5.28,0.02,,4.81,0.63,,5.5,0
,,5.27,0.02,,4.8,0.64,,5.5,0
,,5.27,0.02,,4.8,0.65,,5.5,0
,,5.27,0.02,,4.79,0.65,,5.49,0
,,5.26,0.02,,4.79,0.66,,5.49,0
,,5.26,0.02,,4.79,0.67,,5.48,0
,,5.25,0.02,,4.78,0.68,,5.48,0
,,5.25,0.02,,4.78,0.69,,5.48,0
,,5.25,0.02,,4.77,0.7,,5.47,0
,,5.24,0.02,,4.77,0.7,,5.47,0
,,5.24,0.03,,4.77,0.71,,5.46,0
,,5.23,0.03,,4.76,0.72,,5.46,0
,,5.23,0.03,,4.76,0.73,,5.46,0
,,5.23,0.03,,4.75,0.74,,5.45,0
,,5.22,0.03,,4.75,0.74,,5.45,0
,,5.22,0.03,,4.75,0.75,,5.44,0
,,5.21,0.03,,4.74,0.76,,5.44,0
,,5.21,0.03,,4.74,0.77,,5.44,0
,,5.21,0.04,,4.73,0.78,,5.43,0
,,5.2,0.04,,4.73,0.78,,5.43,0
,,5.2,0.04,,4.73,0.79,,5.42,0
,,5.19,0.04,,4.72,0.8,,5.42,0
,,5.19,0.04,,4.72,0.81,,5.42,0
,,5.19,0.04,,4.71,0.81,,5.41,0
,,5.18,0.04,,4.71,0.82,,5.41,0
,,5.18,0.05,,4.71,0.83,,5.4,0
,,5.17,0.05,,4.7,0.84,,5.4,0
,,5.17,0.05,,4.7,0.84,,5.4,0
,,5.17,0.05,,4.69,0.85,,5.39,0
,,5.16,0.05,,4.69,0.86,,5.39,0
,,5.16,0.06,,4.69,0.86,,5.38,0
,,5.15,0.06,,4.68,0.87,,5.38,0
,,5.15,0.06,,4.68,0.88,,5.38,0
,,5.15,0.06,,4.68,0.88,,5.37,0
,,5.14,0.06,,4.67,0.89,,5.37,0.01
,,5.14,0.07,,4.67,0.9,,5.36,0.01
,,5.13,0.07,,4.66,0.9,,5.36,0.01
,,5.13,0.07,,4.66,0.91,,5.36,0.01
,,5.13,0.07,,4.66,0.91,,5.35,0.01
,,5.12,0.08,,4.65,0.92,,5.35,0.01
,,5.12,0.08,,4.65,0.92,,5.34,0.01
,,5.12,0.08,,4.64,0.93,,5.34,0.01
,,5.11,0.09,,4.64,0.93,,5.34,0.01
,,5.11,0.09,,4.64,0.94,,5.33,0.01
,,5.1,0.09,,4.63,0.94,,5.33,0.01
,,5.1,0.09,,4.63,0.94,,5.33,0.01
,,5.1,0.1,,4.62,0.95,,5.32,0.01
,,5.09,0.1,,4.62,0.95,,5.32,0.01
,,5.09,0.1,,4.62,0.96,,5.31,0.01
,,5.08,0.11,,4.61,0.96,,5.31,0.01
,,5.08,0.11,,4.61,0.96,,5.31,0.01
,,5.08,0.11,,4.6,0.97,,5.3,0.01
,,5.07,0.12,,4.6,0.97,,5.3,0.01
,,5.07,0.12,,4.6,0.97,,5.29,0.01
,,5.06,0.13,,4.59,0.97,,5.29,0.01
,,5.06,0.13,,4.59,0.98,,5.29,0.01
,,5.06,0.13,,4.58,0.98,,5.28,0.01
,,5.05,0.14,,4.58,0.98,,5.28,0.01
,,5.05,0.14,,4.58,0.98,,5.27,0.01
,,5.04,0.15,,4.57,0.98,,5.27,0.01
,,5.04,0.15,,4.57,0.99,,5.27,0.02
,,5.04,0.16,,4.56,0.99,,5.26,0.02
,,5.03,0.16,,4.56,0.99,,5.26,0.02
,,5.03,0.16,,4.56,0.99,,5.25,0.02
,,5.02,0.17,,4.55,0.99,,5.25,0.02
,,5.02,0.17,,4.55,0.99,,5.25,0.02
,,5.02,0.18,,4.54,0.99,,5.24,0.02
,,5.01,0.18,,4.54,0.99,,5.24,0.02
,,5.01,0.19,,4.54,0.99,,5.23,0.02
,,5,0.19,,4.53,0.99,,5.23,0.02
,,5,0.2,,4.53,1,,5.23,0.02
,,5,0.2,,4.52,1,,5.22,0.02
,,4.99,0.21,,4.52,1,,5.22,0.03
,,4.99,0.22,,4.52,1,,5.21,0.03
,,4.98,0.22,,4.51,1,,5.21,0.03
,,4.98,0.23,,4.51,1,,5.21,0.03
,,4.98,0.23,,4.5,1,,5.2,0.03
,,4.97,0.24,,4.5,1,,5.2,0.03
,,4.97,0.24,,4.5,1,,5.19,0.03
,,4.96,0.25,,4.49,1,,5.19,0.03
,,4.96,0.26,,4.49,1,,5.19,0.03
,,4.96,0.26,,4.48,1,,5.18,0.04
,,4.95,0.27,,4.48,1,,5.18,0.04
,,4.95,0.27,,4.48,1,,5.17,0.04
,,4.94,0.28,,4.47,1,,5.17,0.04
,,4.94,0.29,,4.47,1,,5.17,0.04
,,4.94,0.29,,4.47,1,,5.16,0.04
,,4.93,0.3,,4.46,1,,5.16,0.05
,,4.93,0.31,,4.46,1,,5.15,0.05
,,4.92,0.31,,4.45,1,,5.15,0.05
,,4.92,0.32,,4.45,1,,5.15,0.05
,,4.92,0.33,,4.45,1,,5.14,0.05
,,4.91,0.33,,4.44,0.99,,5.14,0.06
,,4.91,0.34,,4.44,0.99,,5.13,0.06
,,4.91,0.35,,4.43,0.99,,5.13,0.06
,,4.9,0.35,,4.43,0.99,,5.13,0.06
,,4.9,0.36,,4.43,0.99,,5.12,0.06
,,4.89,0.37,,4.42,0.99,,5.12,0.07
,,4.89,0.38,,4.42,0.99,,5.12,0.07
,,4.89,0.38,,4.41,0.99,,5.11,0.07
,,4.88,0.39,,4.41,0.99,,5.11,0.07
,,4.88,0.4,,4.41,0.99,,5.1,0.08
,,4.87,0.4,,4.4,0.98,,5.1,0.08
,,4.87,0.41,,4.4,0.98,,5.1,0.08
,,4.87,0.42,,4.39,0.98,,5.09,0.09
,,4.86,0.43,,4.39,0.98,,5.09,0.09
,,4.86,0.44,,4.39,0.97,,5.08,0.09
,,4.85,0.44,,4.38,0.97,,5.08,0.09
,,4.85,0.45,,4.38,0.97,,5.08,0.1
,,4.85,0.46,,4.37,0.97,,5.07,0.1
,,4.84,0.47,,4.37,0.96,,5.07,0.1
,,4.84,0.48,,4.37,0.96,,5.06,0.11
,,4.83,0.48,,4.36,0.96,,5.06,0.11
,,4.83,0.49,,4.36,0.95,,5.06,0.11
,,4.83,0.5,,4.35,0.95,,5.05,0.12
,,4.82,0.51,,4.35,0.94,,5.05,0.12
,,4.82,0.52,,4.35,0.94,,5.04,0.13
,,4.81,0.53,,4.34,0.94,,5.04,0.13
,,4.81,0.53,,4.34,0.93,,5.04,0.13
,,4.81,0.54,,4.33,0.93,,5.03,0.14
,,4.8,0.55,,4.33,0.92,,5.03,0.14
,,4.8,0.56,,4.33,0.92,,5.02,0.15
,,4.79,0.57,,4.32,0.91,,5.02,0.15
,,4.79,0.58,,4.32,0.9,,5.02,0.16
,,4.79,0.59,,4.31,0.9,,5.01,0.16
,,4.78,0.6,,4.31,0.89,,5.01,0.16
,,4.78,0.61,,4.31,0.89,,5,0.17
,,4.77,0.62,,4.3,0.88,,5,0.17
,,4.77,0.62,,4.3,0.88,,5,0.18
,,4.77,0.63,,4.29,0.87,,4.99,0.18
,,4.76,0.64,,4.29,0.86,,4.99,0.19
,,4.76,0.65,,4.29,0.86,,4.98,0.19
,,4.75,0.66,,4.28,0.85,,4.98,0.2
,,4.75,0.67,,4.28,0.84,,4.98,0.2
,,4.75,0.68,,4.27,0.84,,4.97,0.21
,,4.74,0.69,,4.27,0.83,,4.97,0.22
,,4.74,0.7,,4.27,0.82,,4.96,0.22
,,4.73,0.71,,4.26,0.82,,4.96,0.23
,,4.73,0.72,,4.26,0.81,,4.96,0.23
,,4.73,0.73,,4.26,0.8,,4.95,0.24
,,4.72,0.74,,4.25,0.8,,4.95,0.24
,,4.72,0.74,,4.25,0.79,,4.94,0.25
,,4.71,0.75,,4.24,0.78,,4.94,0.26
,,4.71,0.76,,4.24,0.77,,4.94,0.26
,,4.71,0.77,,4.24,0.77,,4.93,0.27
,,4.7,0.78,,4.23,0.76,,4.93,0.27
,,4.7,0.79,,4.23,0.75,,4.92,0.28
,,4.69,0.8,,4.22,0.75,,4.92,0.29
,,4.69,0.81,,4.22,0.74,,4.92,0.29
,,4.69,0.81,,4.22,0.73,,4.91,0.3
,,4.68,0.82,,4.21,0.73,,4.91,0.31
,,4.68,0.83,,4.21,0.72,,4.91,0.31
,,4.68,0.84,,4.2,0.71,,4.9,0.32
,,4.67,0.85,,4.2,0.71,,4.9,0.33
,,4.67,0.85,,4.2,0.7,,4.89,0.33
,,4.66,0.86,,4.19,0.69,,4.89,0.34
,,4.66,0.87,,4.19,0.69,,4.89,0.35
,,4.66,0.88,,4.18,0.68,,4.88,0.35
,,4.65,0.88,,4.18,0.68,,4.88,0.36
,,4.65,0.89,,4.18,0.67,,4.87,0.37
,,4.64,0.9,,4.17,0.66,,4.87,0.38
,,4.64,0.9,,4.17,0.66,,4.87,0.38
,,4.64,0.91,,4.16,0.65,,4.86,0.39
,,4.63,0.92,,4.16,0.65,,4.86,0.4
,,4.63,0.92,,4.16,0.64,,4.85,0.41
,,4.62,0.93,,4.15,0.64,,4.85,0.41
,,4.62,0.93,,4.15,0.63,,4.85,0.42
,,4.62,0.94,,4.14,0.62,,4.84,0.43
,,4.61,0.95,,4.14,0.62,,4.84,0.44
,,4.61,0.95,,4.14,0.61,,4.83,0.45
,,4.6,0.96,,4.13,0.61,,4.83,0.45
,,4.6,0.96,,4.13,0.6,,4.83,0.46
,,4.6,0.97,,4.12,0.6,,4.82,0.47
,,4.59,0.97,,4.12,0.59,,4.82,0.48
,,4.59,0.97,,4.12,0.59,,4.81,0.49
,,4.58,0.98,,4.11,0.58,,4.81,0.5
,,4.58,0.98,,4.11,0.58,,4.81,0.5
,,4.58,0.99,,4.1,0.57,,4.8,0.51
,,4.57,0.99,,4.1,0.57,,4.8,0.52
,,4.57,0.99,,4.1,0.56,,4.79,0.53
,,4.56,1,,4.09,0.56,,4.79,0.54
,,4.56,1,,4.09,0.55,,4.79,0.55
,,4.56,1,,4.08,0.55,,4.78,0.56
,,4.55,1.01,,4.08,0.55,,4.78,0.57
,,4.55,1.01,,4.08,0.54,,4.77,0.58
,,4.54,1.01,,4.07,0.54,,4.77,0.59
,,4.54,1.01,,4.07,0.53,,4.77,0.59
,,4.54,1.02,,4.06,0.53,,4.76,0.6
,,4.53,1.02,,4.06,0.52,,4.76,0.61
,,4.53,1.02,,4.06,0.52,,4.75,0.62
,,4.52,1.02,,4.05,0.51,,4.75,0.63
,,4.52,1.03,,4.05,0.51,,4.75,0.64
,,4.52,1.03,,4.04,0.5,,4.74,0.65
,,4.51,1.03,,4.04,0.5,,4.74,0.66
,,4.51,1.03,,4.04,0.49,,4.73,0.67
,,4.5,1.03,,4.03,0.49,,4.73,0.68
,,4.5,1.04,,4.03,0.48,,4.73,0.69
,,4.5,1.04,,4.03,0.48,,4.72,0.7
,,4.49,1.04,,4.02,0.48,,4.72,0.71
,,4.49,1.04,,4.02,0.47,,4.71,0.72
,,4.48,1.04,,4.01,0.47,,4.71,0.73
,,4.48,1.05,,4.01,0.46,,4.71,0.73
,,4.48,1.05,,4.01,0.46,,4.7,0.74
,,4.47,1.05,,4,0.45,,4.7,0.75
,,4.47,1.05,,4,0.45,,4.69,0.76
,,4.47,1.05,,3.99,0.44,,4.69,0.77
,,4.46,1.05,,3.99,0.44,,4.69,0.78
,,4.46,1.05,,3.99,0.44,,4.68,0.79
,,4.45,1.06,,3.98,0.43,,4.68,0.8
,,4.45,1.06,,3.98,0.43,,4.68,0.81
,,4.45,1.06,,3.97,0.42,,4.67,0.81
,,4.44,1.06,,3.97,0.42,,4.67,0.82
,,4.44,1.06,,3.97,0.41,,4.66,0.83
,,4.43,1.06,,3.96,0.41,,4.66,0.84
,,4.43,1.06,,3.96,0.4,,4.66,0.85
,,4.43,1.06,,3.95,0.4,,4.65,0.85
,,4.42,1.06,,3.95,0.4,,4.65,0.86
,,4.42,1.06,,3.95,0.39,,4.64,0.87
,,4.41,1.06,,3.94,0.39,,4.64,0.88
,,4.41,1.06,,3.94,0.38,,4.64,0.88
,,4.41,1.06,,3.93,0.38,,4.63,0.89
,,4.4,1.06,,3.93,0.38,,4.63,0.9
,,4.4,1.06,,3.93,0.37,,4.62,0.9
,,4.39,1.06,,3.92,0.37,,4.62,0.91
,,4.39,1.06,,3.92,0.36,,4.62,0.92
,,4.39,1.06,,3.91,0.36,,4.61,0.92
,,4.38,1.05,,3.91,0.36,,4.61,0.93
,,4.38,1.05,,3.91,0.35,,4.6,0.93
,,4.37,1.05,,3.9,0.35,,4.6,0.94
,,4.37,1.05,,3.9,0.34,,4.6,0.95
,,4.37,1.04,,3.89,0.34,,4.59,0.95
,,4.36,1.04,,3.89,0.34,,4.59,0.96
,,4.36,1.04,,3.89,0.33,,4.58,0.96
,,4.35,1.04,,3.88,0.33,,4.58,0.97
,,4.35,1.03,,3.88,0.33,,4.58,0.97
,,4.35,1.03,,3.87,0.32,,4.57,0.97
,,4.34,1.02,,3.87,0.32,,4.57,0.98
,,4.34,1.02,,3.87,0.32,,4.56,0.98
,,4.33,1.02,,3.86,0.31,,4.56,0.99
,,4.33,1.01,,3.86,0.31,,4.56,0.99
,,4.33,1.01,,3.85,0.31,,4.55,0.99
,,4.32,1,,3.85,0.3,,4.55,1
,,4.32,1,,3.85,0.3,,4.54,1
,,4.31,0.99,,3.84,0.3,,4.54,1
,,4.31,0.98,,3.84,0.29,,4.54,1.01
,,4.31,0.98,,3.83,0.29,,4.53,1.01
,,4.3,0.97,,3.83,0.29,,4.53,1.01
,,4.3,0.97,,3.83,0.28,,4.52,1.02
,,4.29,0.96,,3.82,0.28,,4.52,1.02
,,4.29,0.95,,3.82,0.28,,4.52,1.02
,,4.29,0.95,,3.82,0.27,,4.51,1.03
,,4.28,0.94,,3.81,0.27,,4.51,1.03
,,4.28,0.93,,3.81,0.27,,4.5,1.03
,,4.27,0.93,,3.8,0.27,,4.5,1.03
,,4.27,0.92,,3.8,0.26,,4.5,1.03
,,4.27,0.91,,3.8,0.26,,4.49,1.04
,,4.26,0.91,,3.79,0.26,,4.49,1.04
,,4.26,0.9,,3.79,0.26,,4.48,1.04
,,4.26,0.89,,3.78,0.25,,4.48,1.04
,,4.25,0.88,,3.78,0.25,,4.48,1.05
,,4.25,0.88,,3.78,0.25,,4.47,1.05
,,4.24,0.87,,3.77,0.25,,4.47,1.05
,,4.24,0.86,,3.77,0.24,,4.47,1.05
,,4.24,0.86,,3.76,0.24,,4.46,1.05
,,4.23,0.85,,3.76,0.24,,4.46,1.06
,,4.23,0.84,,3.76,0.24,,4.45,1.06
,,4.22,0.83,,3.75,0.23,,4.45,1.06
,,4.22,0.83,,3.75,0.23,,4.45,1.06
,,4.22,0.82,,3.74,0.23,,4.44,1.06
,,4.21,0.81,,3.74,0.23,,4.44,1.06
,,4.21,0.81,,3.74,0.22,,4.43,1.06
,,4.2,0.8,,3.73,0.22,,4.43,1.06
,,4.2,0.79,,3.73,0.22,,4.43,1.07
,,4.2,0.78,,3.72,0.22,,4.42,1.07
,,4.19,0.78,,3.72,0.22,,4.42,1.07
,,4.19,0.77,,3.72,0.21,,4.41,1.07
,,4.18,0.76,,3.71,0.21,,4.41,1.07
,,4.18,0.76,,3.71,0.21,,4.41,1.07
,,4.18,0.75,,3.7,0.21,,4.4,1.07
,,4.17,0.75,,3.7,0.21,,4.4,1.07
,,4.17,0.74,,3.7,0.2,,4.39,1.07
,,4.16,0.73,,3.69,0.2,,4.39,1.07
,,4.16,0.73,,3.69,0.2,,4.39,1.06
,,4.16,0.72,,3.68,0.2,,4.38,1.06
,,4.15,0.71,,3.68,0.2,,4.38,1.06
,,4.15,0.71,,3.68,0.19,,4.37,1.06
,,4.14,0.7,,3.67,0.19,,4.37,1.06
,,4.14,0.7,,3.67,0.19,,4.37,1.06
,,4.14,0.69,,3.66,0.19,,4.36,1.05
,,4.13,0.69,,3.66,0.19,,4.36,1.05
,,4.13,0.68,,3.66,0.18,,4.35,1.05
,,4.12,0.67,,3.65,0.18,,4.35,1.05
,,4.12,0.67,,3.65,0.18,,4.35,1.04
,,4.12,0.66,,3.64,0.18,,4.34,1.04
,,4.11,0.66,,3.64,0.18,,4.34,1.04
,,4.11,0.65,,3.64,0.18,,4.33,1.03
,,4.1,0.65,,3.63,0.17,,4.33,1.03
,,4.1,0.64,,3.63,0.17,,4.33,1.02
,,4.1,0.64,,3.62,0.17,,4.32,1.02
,,4.09,0.63,,3.62,0.17,,4.32,1.01
,,4.09,0.63,,3.62,0.17,,4.31,1.01
,,4.08,0.62,,3.61,0.17,,4.31,1
,,4.08,0.62,,3.61,0.17,,4.31,1
,,4.08,0.61,,3.6,0.16,,4.3,0.99
,,4.07,0.6,,3.6,0.16,,4.3,0.99
,,4.07,0.6,,3.6,0.16,,4.29,0.98
,,4.06,0.59,,3.59,0.16,,4.29,0.97
,,4.06,0.59,,3.59,0.16,,4.29,0.97
,,4.06,0.58,,3.59,0.16,,4.28,0.96
,,4.05,0.58,,3.58,0.16,,4.28,0.96
,,4.05,0.57,,3.58,0.15,,4.27,0.95
,,4.04,0.57,,3.57,0.15,,4.27,0.94
,,4.04,0.56,,3.57,0.15,,4.27,0.94
,,4.04,0.56,,3.57,0.15,,4.26,0.93
,,4.03,0.55,,3.56,0.15,,4.26,0.92
,,4.03,0.55,,3.56,0.15,,4.26,0.92
,,4.03,0.54,,3.55,0.15,,4.25,0.91
,,4.02,0.54,,3.55,0.15,,4.25,0.9
,,4.02,0.53,,3.55,0.15,,4.24,0.89
,,4.01,0.53,,3.54,0.14,,4.24,0.89
,,4.01,0.52,,3.54,0.14,,4.24,0.88
,,4.01,0.52,,3.53,0.14,,4.23,0.87
,,4,0.51,,3.53,0.14,,4.23,0.87
,,4,0.51,,3.53,0.14,,4.22,0.86
,,3.99,0.5,,3.52,0.14,,4.22,0.85
,,3.99,0.49,,3.52,0.14,,4.22,0.84
,,3.99,0.49,,3.51,0.14,,4.21,0.84
,,3.98,0.48,,3.51,0.13,,4.21,0.83
,,3.98,0.48,,3.51,0.13,,4.2,0.82
,,3.97,0.47,,3.5,0.13,,4.2,0.82
,,3.97,0.47,,3.5,0.13,,4.2,0.81
,,3.97,0.46,,3.49,0.13,,4.19,0.8
,,3.96,0.46,,3.49,0.13,,4.19,0.8
,,3.96,0.45,,3.49,0.13,,4.18,0.79
,,3.95,0.45,,3.48,0.13,,4.18,0.78
,,3.95,0.44,,3.48,0.12,,4.18,0.78
,,3.95,0.44,,3.47,0.12,,4.17,0.77
,,3.94,0.43,,3.47,0.12,,4.17,0.76
,,3.94,0.43,,3.47,0.12,,4.16,0.76
,,3.93,0.43,,3.46,0.12,,4.16,0.75
,,3.93,0.42,,3.46,0.12,,4.16,0.74
,,3.93,0.42,,3.45,0.12,,4.15,0.74
,,3.92,0.41,,3.45,0.12,,4.15,0.73
,,3.92,0.41,,3.45,0.12,,4.14,0.73
,,3.91,0.4,,3.44,0.12,,4.14,0.72
,,3.91,0.4,,3.44,0.11,,4.14,0.72
,,3.91,0.39,,3.43,0.11,,4.13,0.71
,,3.9,0.39,,3.43,0.11,,4.13,0.7
,,3.9,0.38,,3.43,0.11,,4.12,0.7
,,3.89,0.38,,3.42,0.11,,4.12,0.69
,,3.89,0.38,,3.42,0.11,,4.12,0.69
,,3.89,0.37,,3.41,0.11,,4.11,0.68
,,3.88,0.37,,3.41,0.11,,4.11,0.68
,,3.88,0.36,,3.41,0.11,,4.1,0.67
,,3.87,0.36,,3.4,0.11,,4.1,0.67
,,3.87,0.35,,3.4,0.11,,4.1,0.66
,,3.87,0.35,,3.39,0.11,,4.09,0.65
,,3.86,0.35,,3.39,0.11,,4.09,0.65
,,3.86,0.34,,3.39,0.11,,4.08,0.64
,,3.85,0.34,,3.38,0.12,,4.08,0.64
,,3.85,0.34,,3.38,0.12,,4.08,0.63
,,3.85,0.33,,3.38,0.12,,4.07,0.63
,,3.84,0.33,,3.37,0.12,,4.07,0.62
,,3.84,0.32,,3.37,0.12,,4.06,0.62
,,3.83,0.32,,3.36,0.12,,4.06,0.61
,,3.83,0.32,,3.36,0.12,,4.06,0.61
,,3.83,0.31,,3.36,0.12,,4.05,0.6
,,3.82,0.31,,3.35,0.12,,4.05,0.6
,,3.82,0.31,,3.35,0.12,,4.04,0.59
,,3.82,0.3,,3.34,0.12,,4.04,0.59
,,3.81,0.3,,3.34,0.11,,4.04,0.58
,,3.81,0.3,,3.34,0.11,,4.03,0.58
,,3.8,0.29,,3.33,0.11,,4.03,0.57
,,3.8,0.29,,3.33,0.11,,4.03,0.56
,,3.8,0.29,,3.32,0.11,,4.02,0.56
,,3.79,0.28,,3.32,0.11,,4.02,0.55
,,3.79,0.28,,3.32,0.11,,4.01,0.55
,,3.78,0.28,,3.31,0.11,,4.01,0.54
,,3.78,0.28,,3.31,0.1,,4.01,0.54
,,3.78,0.27,,3.3,0.1,,4,0.53
,,3.77,0.27,,3.3,0.1,,4,0.53
,,3.77,0.27,,3.3,0.1,,3.99,0.52
,,3.76,0.26,,3.29,0.1,,3.99,0.52
,,3.76,0.26,,3.29,0.1,,3.99,0.51
,,3.76,0.26,,3.28,0.09,,3.98,0.51
,,3.75,0.26,,3.28,0.09,,3.98,0.5
,,3.75,0.25,,3.28,0.09,,3.97,0.5
,,3.74,0.25,,3.27,0.09,,3.97,0.49
,,3.74,0.25,,3.27,0.09,,3.97,0.49
,,3.74,0.24,,3.26,0.09,,3.96,0.48
,,3.73,0.24,,3.26,0.08,,3.96,0.48
,,3.73,0.24,,3.26,0.08,,3.95,0.47
,,3.72,0.24,,3.25,0.08,,3.95,0.47
,,3.72,0.23,,3.25,0.08,,3.95,0.46
,,3.72,0.23,,3.24,0.08,,3.94,0.46
,,3.71,0.23,,3.24,0.08,,3.94,0.45
,,3.71,0.23,,3.24,0.08,,3.93,0.45
,,3.7,0.23,,3.23,0.08,,3.93,0.44
,,3.7,0.22,,3.23,0.08,,3.93,0.44
,,3.7,0.22,,3.22,0.08,,3.92,0.43
,,3.69,0.22,,3.22,0.08,,3.92,0.43
,,3.69,0.22,,3.22,0.08,,3.91,0.42
,,3.68,0.21,,3.21,0.08,,3.91,0.42
,,3.68,0.21,,3.21,0.08,,3.91,0.42
,,3.68,0.21,,3.2,0.08,,3.9,0.41
,,3.67,0.21,,3.2,0.08,,3.9,0.41
,,3.67,0.2,,3.2,0.08,,3.89,0.4
,,3.66,0.2,,3.19,0.08,,3.89,0.4
,,3.66,0.2,,3.19,0.08,,3.89,0.39
,,3.66,0.2,,3.18,0.08,,3.88,0.39
,,3.65,0.2,,3.18,0.08,,3.88,0.38
,,3.65,0.19,,3.18,0.09,,3.87,0.38
,,3.64,0.19,,3.17,0.09,,3.87,0.38
,,3.64,0.19,,3.17,0.09,,3.87,0.37
,,3.64,0.19,,3.16,0.09,,3.86,0.37
,,3.63,0.19,,3.16,0.09,,3.86,0.36
,,3.63,0.19,,3.16,0.09,,3.85,0.36
,,3.62,0.18,,3.15,0.09,,3.85,0.36
,,3.62,0.18,,3.15,0.08,,3.85,0.35
,,3.62,0.18,,3.15,0.08,,3.84,0.35
,,3.61,0.18,,3.14,0.08,,3.84,0.34
,,3.61,0.18,,3.14,0.08,,3.83,0.34
,,3.6,0.17,,3.13,0.08,,3.83,0.34
,,3.6,0.17,,3.13,0.08,,3.83,0.33
,,3.6,0.17,,3.13,0.08,,3.82,0.33
,,3.59,0.17,,3.12,0.08,,3.82,0.33
,,3.59,0.17,,3.12,0.08,,3.82,0.32
,,3.59,0.17,,3.11,0.08,,3.81,0.32
,,3.58,0.17,,3.11,0.08,,3.81,0.32
,,3.58,0.16,,3.11,0.08,,3.8,0.31
,,3.57,0.16,,3.1,0.07,,3.8,0.31
,,3.57,0.16,,3.1,0.07,,3.8,0.31
,,3.57,0.16,,3.09,0.07,,3.79,0.3
,,3.56,0.16,,3.09,0.07,,3.79,0.3
,,3.56,0.16,,3.09,0.07,,3.78,0.3
,,3.55,0.16,,3.08,0.07,,3.78,0.29
,,3.55,0.15,,3.08,0.07,,3.78,0.29
,,3.55,0.15,,3.07,0.07,,3.77,0.29
,,3.54,0.15,,3.07,0.08,,3.77,0.28
,,3.54,0.15,,3.07,0.08,,3.76,0.28
,,3.53,0.15,,3.06,0.08,,3.76,0.28
,,3.53,0.15,,3.06,0.08,,3.76,0.27
,,3.53,0.15,,3.05,0.08,,3.75,0.27
,,3.52,0.14,,3.05,0.09,,3.75,0.27
,,3.52,0.14,,3.05,0.09,,3.74,0.27
,,3.51,0.14,,3.04,0.09,,3.74,0.26
,,3.51,0.14,,3.04,0.1,,3.74,0.26
,,3.51,0.14,,3.03,0.1,,3.73,0.26
,,3.5,0.14,,3.03,0.1,,3.73,0.25
,,3.5,0.13,,3.03,0.11,,3.72,0.25
,,3.49,0.13,,3.02,0.11,,3.72,0.25
,,3.49,0.13,,3.02,0.12,,3.72,0.25
,,3.49,0.13,,3.01,0.12,,3.71,0.24
,,3.48,0.13,,3.01,0.13,,3.71,0.24
,,3.48,0.13,,3.01,0.13,,3.7,0.24
,,3.47,0.12,,3,0.13,,3.7,0.24
,,3.47,0.12,,3,0.14,,3.7,0.23
,,3.47,0.12,,2.99,0.14,,3.69,0.23
,,3.46,0.12,,2.99,0.14,,3.69,0.23
,,3.46,0.12,,2.99,0.14,,3.68,0.23
,,3.45,0.12,,2.98,0.15,,3.68,0.22
,,3.45,0.12,,2.98,0.15,,3.68,0.22
,,3.45,0.12,,2.97,0.15,,3.67,0.22
,,3.44,0.12,,2.97,0.15,,3.67,0.22
,,3.44,0.11,,2.97,0.15,,3.66,0.22
,,3.43,0.11,,2.96,0.15,,3.66,0.21
,,3.43,0.11,,2.96,0.15,,3.66,0.21
,,3.43,0.11,,2.96,0.15,,3.65,0.21
,,3.42,0.11,,2.95,0.14,,3.65,0.21
,,3.42,0.11,,2.95,0.14,,3.64,0.2
,,3.41,0.11,,2.94,0.14,,3.64,0.2
,,3.41,0.11,,2.94,0.14,,3.64,0.2
,,3.41,0.12,,2.94,0.13,,3.63,0.2
,,3.4,0.12,,2.93,0.13,,3.63,0.2
,,3.4,0.12,,2.93,0.13,,3.62,0.19
,,3.39,0.12,,2.92,0.13,,3.62,0.19
,,3.39,0.12,,2.92,0.12,,3.62,0.19
,,3.39,0.12,,2.92,0.12,,3.61,0.19
,,3.38,0.12,,2.91,0.12,,3.61,0.19
,,3.38,0.12,,2.91,0.12,,3.6,0.19
,,3.38,0.12,,2.9,0.11,,3.6,0.18
,,3.37,0.12,,2.9,0.11,,3.6,0.18
,,3.37,0.12,,2.9,0.11,,3.59,0.18
,,3.36,0.12,,2.89,0.11,,3.59,0.18
,,3.36,0.12,,2.89,0.1,,3.59,0.18
,,3.36,0.12,,2.88,0.1,,3.58,0.18
,,3.35,0.12,,2.88,0.1,,3.58,0.17
,,3.35,0.12,,2.88,0.1,,3.57,0.17
,,3.34,0.12,,2.87,0.09,,3.57,0.17
,,3.34,0.12,,2.87,0.09,,3.57,0.17
,,3.34,0.12,,2.86,0.09,,3.56,0.17
,,3.33,0.11,,2.86,0.08,,3.56,0.17
,,3.33,0.11,,2.86,0.08,,3.55,0.16
,,3.32,0.11,,2.85,0.08,,3.55,0.16
,,3.32,0.11,,2.85,0.08,,3.55,0.16
,,3.32,0.11,,2.84,0.07,,3.54,0.16
,,3.31,0.11,,2.84,0.07,,3.54,0.16
,,3.31,0.1,,2.84,0.07,,3.53,0.16
,,3.3,0.1,,2.83,0.07,,3.53,0.16
,,3.3,0.1,,2.83,0.06,,3.53,0.15
,,3.3,0.1,,2.82,0.06,,3.52,0.15
,,3.29,0.1,,2.82,0.06,,3.52,0.15
,,3.29,0.09,,2.82,0.06,,3.51,0.15
,,3.28,0.09,,2.81,0.05,,3.51,0.15
,,3.28,0.09,,2.81,0.05,,3.51,0.15
,,3.28,0.09,,2.8,0.05,,3.5,0.15
,,3.27,0.09,,2.8,0.05,,3.5,0.14
,,3.27,0.08,,2.8,0.05,,3.49,0.14
,,3.26,0.08,,2.79,0.05,,3.49,0.14
,,3.26,0.08,,2.79,0.04,,3.49,0.14
,,3.26,0.08,,2.78,0.04,,3.48,0.14
,,3.25,0.08,,2.78,0.04,,3.48,0.14
,,3.25,0.08,,2.78,0.04,,3.47,0.14
,,3.24,0.08,,2.77,0.04,,3.47,0.13
,,3.24,0.08,,2.77,0.04,,3.47,0.13
,,3.24,0.08,,2.76,0.04,,3.46,0.13
,,3.23,0.08,,2.76,0.04,,3.46,0.13
,,3.23,0.07,,2.76,0.04,,3.45,0.13
,,3.22,0.07,,2.75,0.04,,3.45,0.13
,,3.22,0.07,,2.75,0.03,,3.45,0.13
,,3.22,0.07,,2.75,0.03,,3.44,0.13
,,3.21,0.07,,2.74,0.03,,3.44,0.13
,,3.21,0.07,,2.74,0.03,,3.43,0.13
,,3.2,0.07,,2.73,0.03,,3.43,0.12
,,3.2,0.07,,2.73,0.03,,3.43,0.12
,,3.2,0.07,,2.73,0.03,,3.42,0.12
,,3.19,0.07,,2.72,0.03,,3.42,0.12
,,3.19,0.07,,2.72,0.03,,3.41,0.12
,,3.18,0.07,,2.71,0.03,,3.41,0.12
,,3.18,0.07,,2.71,0.03,,3.41,0.12
,,3.18,0.07,,2.71,0.03,,3.4,0.12
,,3.17,0.07,,2.7,0.03,,3.4,0.12
,,3.17,0.07,,2.7,0.03,,3.39,0.12
,,3.16,0.07,,2.69,0.03,,3.39,0.12
,,3.16,0.07,,2.69,0.03,,3.39,0.12
,,3.16,0.07,,2.69,0.03,,3.38,0.12
,,3.15,0.07,,2.68,0.03,,3.38,0.12
,,3.15,0.07,,2.68,0.03,,3.38,0.12
,,3.15,0.07,,2.67,0.03,,3.37,0.12
,,3.14,0.06,,2.67,0.03,,3.37,0.12
,,3.14,0.06,,2.67,0.02,,3.36,0.12
,,3.13,0.06,,2.66,0.02,,3.36,0.12
,,3.13,0.06,,2.66,0.02,,3.36,0.12
,,3.13,0.06,,2.65,0.02,,3.35,0.12
,,3.12,0.06,,2.65,0.02,,3.35,0.12
,,3.12,0.06,,2.65,0.02,,3.34,0.12
,,3.11,0.06,,2.64,0.02,,3.34,0.12
,,3.11,0.06,,2.64,0.02,,3.34,0.12
,,3.11,0.06,,2.63,0.02,,3.33,0.12
,,3.1,0.06,,2.63,0.02,,3.33,0.11
,,3.1,0.06,,2.63,0.02,,3.32,0.11
,,3.09,0.06,,2.62,0.02,,3.32,0.11
,,3.09,0.06,,2.62,0.02,,3.32,0.11
,,3.09,0.06,,2.61,0.02,,3.31,0.11
,,3.08,0.06,,2.61,0.02,,3.31,0.11
,,3.08,0.06,,2.61,0.02,,3.3,0.1
,,3.07,0.06,,2.6,0.02,,3.3,0.1
,,3.07,0.07,,2.6,0.02,,3.3,0.1
,,3.07,0.07,,2.59,0.03,,3.29,0.1
,,3.06,0.07,,2.59,0.03,,3.29,0.1
,,3.06,0.07,,2.59,0.03,,3.28,0.1
,,3.05,0.08,,2.58,0.03,,3.28,0.09
,,3.05,0.08,,2.58,0.03,,3.28,0.09
,,3.05,0.09,,2.57,0.03,,3.27,0.09
,,3.04,0.09,,2.57,0.03,,3.27,0.09
,,3.04,0.09,,2.57,0.03,,3.26,0.09
,,3.03,0.1,,2.56,0.03,,3.26,0.09
,,3.03,0.1,,2.56,0.03,,3.26,0.09
,,3.03,0.11,,2.56,0.03,,3.25,0.09
,,3.02,0.11,,2.55,0.03,,3.25,0.09
,,3.02,0.12,,2.55,0.04,,3.24,0.08
,,3.01,0.12,,2.54,0.04,,3.24,0.08
,,3.01,0.13,,2.54,0.04,,3.24,0.08
,,3.01,0.13,,2.54,0.04,,3.23,0.08
,,3,0.14,,2.53,0.04,,3.23,0.08
,,3,0.14,,2.53,0.04,,3.22,0.08
,,2.99,0.15,,2.52,0.04,,3.22,0.08
,,2.99,0.15,,2.52,0.04,,3.22,0.08
,,2.99,0.15,,2.51,0.04,,3.21,0.08
,,2.98,0.15,,2.51,0.04,,3.21,0.09
,,2.98,0.15,,2.51,0.04,,3.2,0.09
,,2.97,0.16,,2.5,0.04,,3.2,0.09
,,2.97,0.16,,2.5,0.04,,3.2,0.09
,,2.97,0.16,,2.5,0.04,,3.19,0.09
,,2.96,0.15,,2.49,0.04,,3.19,0.09
,,2.96,0.15,,2.49,0.04,,3.18,0.09
,,2.96,0.15,,2.48,0.04,,3.18,0.09
,,2.95,0.15,,2.48,0.04,,3.18,0.09
,,2.95,0.15,,2.48,0.04,,3.17,0.09
,,2.94,0.14,,2.47,0.04,,3.17,0.09
,,2.94,0.14,,2.47,0.04,,3.16,0.09
,,2.94,0.14,,2.46,0.04,,3.16,0.09
,,2.93,0.13,,2.46,0.04,,3.16,0.09
,,2.93,0.13,,2.45,0.04,,3.15,0.09
,,2.92,0.13,,2.45,0.04,,3.15,0.09
,,2.92,0.12,,2.45,0.04,,3.15,0.09
,,2.92,0.12,,2.44,0.03,,3.14,0.09
,,2.91,0.12,,2.44,0.03,,3.14,0.09
,,2.91,0.11,,2.44,0.03,,3.13,0.09
,,2.9,0.11,,2.43,0.03,,3.13,0.09
,,2.9,0.11,,2.43,0.03,,3.13,0.09
,,2.9,0.1,,2.42,0.03,,3.12,0.08
,,2.89,0.1,,2.42,0.03,,3.12,0.08
,,2.89,0.1,,2.42,0.03,,3.11,0.08
,,2.88,0.09,,2.41,0.03,,3.11,0.08
,,2.88,0.09,,2.41,0.03,,3.11,0.08
,,2.88,0.09,,2.4,0.02,,3.1,0.08
,,2.87,0.08,,2.4,0.02,,3.1,0.08
,,2.87,0.08,,2.4,0.02,,3.09,0.08
,,2.86,0.08,,2.39,0.02,,3.09,0.07
,,2.86,0.08,,2.39,0.02,,3.09,0.07
,,2.86,0.07,,2.38,0.02,,3.08,0.07
,,2.85,0.07,,2.38,0.02,,3.08,0.07
,,2.85,0.07,,2.38,0.02,,3.07,0.07
,,2.84,0.07,,2.37,0.02,,3.07,0.07
,,2.84,0.06,,2.37,0.02,,3.07,0.07
,,2.84,0.06,,2.36,0.02,,3.06,0.08
,,2.83,0.06,,2.36,0.02,,3.06,0.08
,,2.83,0.06,,2.36,0.02,,3.05,0.08
,,2.82,0.06,,2.35,0.02,,3.05,0.08
,,2.82,0.05,,2.35,0.02,,3.05,0.08
,,2.82,0.05,,2.34,0.02,,3.04,0.09
,,2.81,0.05,,2.34,0.02,,3.04,0.09
,,2.81,0.05,,2.34,0.02,,3.03,0.09
,,2.8,0.05,,2.33,0.02,,3.03,0.1
,,2.8,0.05,,2.33,0.02,,3.03,0.1
,,2.8,0.04,,2.32,0.02,,3.02,0.1
,,2.79,0.04,,2.32,0.02,,3.02,0.11
,,2.79,0.04,,2.32,0.02,,3.01,0.11
,,2.78,0.04,,2.31,0.02,,3.01,0.11
,,2.78,0.04,,2.31,0.02,,3.01,0.12
,,2.78,0.04,,2.31,0.02,,3,0.12
,,2.77,0.04,,2.3,0.02,,3,0.12
,,2.77,0.04,,2.3,0.02,,2.99,0.13
,,2.76,0.04,,2.29,0.03,,2.99,0.13
,,2.76,0.04,,2.29,0.02,,2.99,0.13
,,2.76,0.03,,2.29,0.02,,2.98,0.13
,,2.75,0.03,,2.28,0.02,,2.98,0.13
,,2.75,0.03,,2.28,0.02,,2.97,0.13
,,2.75,0.03,,2.27,0.02,,2.97,0.13
,,2.74,0.03,,2.27,0.02,,2.97,0.13
,,2.74,0.03,,2.26,0.02,,2.96,0.13
,,2.73,0.03,,2.26,0.02,,2.96,0.13
,,2.73,0.03,,2.26,0.02,,2.96,0.13
,,2.73,0.03,,2.25,0.02,,2.95,0.13
,,2.72,0.03,,2.25,0.02,,2.95,0.13
,,2.72,0.03,,2.25,0.02,,2.94,0.13
,,2.71,0.03,,2.24,0.02,,2.94,0.13
,,2.71,0.03,,2.24,0.02,,2.94,0.12
,,2.71,0.03,,2.23,0.02,,2.93,0.12
,,2.7,0.03,,2.23,0.02,,2.93,0.12
,,2.7,0.03,,2.23,0.02,,2.92,0.12
,,2.69,0.03,,2.22,0.02,,2.92,0.12
,,2.69,0.03,,2.22,0.02,,2.92,0.12
,,2.69,0.03,,2.21,0.01,,2.91,0.11
,,2.68,0.02,,,,,2.91,0.11
,,2.68,0.02,,,,,2.9,0.11
,,2.67,0.02,,,,,2.9,0.11
,,2.67,0.02,,,,,2.9,0.11
,,2.67,0.02,,,,,2.89,0.11
,,2.66,0.02,,,,,2.89,0.1
,,2.66,0.02,,,,,2.88,0.1
,,2.65,0.02,,,,,2.88,0.1
,,2.65,0.02,,,,,2.88,0.1
,,2.65,0.02,,,,,2.87,0.1
,,2.64,0.02,,,,,2.87,0.09
,,2.64,0.02,,,,,2.86,0.09
,,2.63,0.02,,,,,2.86,0.09
,,2.63,0.02,,,,,2.86,0.09
,,2.63,0.02,,,,,2.85,0.08
,,2.62,0.02,,,,,2.85,0.08
,,2.62,0.02,,,,,2.84,0.08
,,2.61,0.02,,,,,2.84,0.08
,,2.61,0.02,,,,,2.84,0.07
,,2.61,0.02,,,,,2.83,0.07
,,2.6,0.02,,,,,2.83,0.07
,,2.6,0.02,,,,,2.82,0.06
,,2.59,0.02,,,,,2.82,0.06
,,2.59,0.02,,,,,2.82,0.06
,,2.59,0.02,,,,,2.81,0.06
,,2.58,0.02,,,,,2.81,0.05
,,2.58,0.02,,,,,2.8,0.05
,,2.57,0.02,,,,,2.8,0.05
,,2.57,0.02,,,,,2.8,0.05
,,2.57,0.02,,,,,2.79,0.04
,,2.56,0.03,,,,,2.79,0.04
,,2.56,0.03,,,,,2.78,0.04
,,2.56,0.03,,,,,2.78,0.04
,,2.55,0.03,,,,,2.78,0.04
,,2.55,0.03,,,,,2.77,0.04
,,2.54,0.03,,,,,2.77,0.04
,,2.54,0.03,,,,,2.76,0.04
,,2.54,0.03,,,,,2.76,0.03
,,2.53,0.03,,,,,2.76,0.03
,,2.53,0.03,,,,,2.75,0.03
,,2.52,0.03,,,,,2.75,0.03
,,2.52,0.03,,,,,2.75,0.03
,,2.51,0.03,,,,,2.74,0.03
,,2.51,0.03,,,,,2.74,0.03
,,2.51,0.03,,,,,2.73,0.03
,,2.5,0.03,,,,,2.73,0.03
,,2.5,0.03,,,,,2.73,0.03
,,2.5,0.03,,,,,2.72,0.03
,,2.49,0.03,,,,,2.72,0.02
,,2.49,0.03,,,,,2.71,0.02
,,2.48,0.03,,,,,2.71,0.02
,,2.48,0.03,,,,,2.71,0.02
,,2.48,0.03,,,,,2.7,0.02
,,2.47,0.03,,,,,2.7,0.02
,,2.47,0.03,,,,,2.69,0.02
,,2.46,0.03,,,,,2.69,0.02
,,2.46,0.03,,,,,2.69,0.02
,,2.45,0.03,,,,,2.68,0.02
,,2.45,0.03,,,,,2.68,0.02
,,2.45,0.03,,,,,2.67,0.02
,,2.44,0.03,,,,,2.67,0.02
,,2.44,0.03,,,,,2.67,0.02
,,2.44,0.03,,,,,2.66,0.02
,,2.43,0.03,,,,,2.66,0.02
,,2.43,0.03,,,,,2.65,0.02
,,2.42,0.02,,,,,2.65,0.02
,,2.42,0.02,,,,,2.65,0.02
,,2.42,0.02,,,,,2.64,0.01
,,2.41,0.02,,,,,2.64,0.01
,,2.41,0.02,,,,,2.63,0.01
,,2.4,0.02,,,,,2.63,0.01
,,2.4,0.02,,,,,2.63,0.01
,,2.4,0.02,,,,,2.62,0.01
,,2.39,0.02,,,,,2.62,0.01
,,2.39,0.02,,,,,2.61,0.01
,,2.38,0.02,,,,,2.61,0.01
,,2.38,0.02,,,,,2.61,0.01
,,2.38,0.02,,,,,2.6,0.01
,,2.37,0.02,,,,,2.6,0.01
,,2.37,0.02,,,,,2.59,0.02
,,2.36,0.02,,,,,2.59,0.02
,,2.36,0.02,,,,,2.59,0.02
,,2.36,0.02,,,,,2.58,0.02
,,2.35,0.02,,,,,2.58,0.02
,,2.35,0.02,,,,,2.57,0.02
,,2.34,0.02,,,,,2.57,0.02
,,2.34,0.02,,,,,2.57,0.02
,,2.34,0.02,,,,,2.56,0.02
,,2.33,0.02,,,,,2.56,0.02
,,2.33,0.02,,,,,2.56,0.02
,,2.32,0.02,,,,,2.55,0.03
,,2.32,0.02,,,,,2.55,0.03
,,2.32,0.02,,,,,2.54,0.03
,,2.31,0.02,,,,,2.54,0.03
,,2.31,0.02,,,,,2.54,0.03
,,2.31,0.02,,,,,2.53,0.03
,,2.3,0.02,,,,,2.53,0.03
,,2.3,0.02,,,,,2.52,0.04
,,2.29,0.02,,,,,2.52,0.04
,,2.29,0.02,,,,,2.51,0.04
,,2.29,0.02,,,,,2.51,0.04
,,2.28,0.02,,,,,2.51,0.04
,,2.28,0.02,,,,,2.5,0.04
,,2.27,0.02,,,,,2.5,0.04
,,2.27,0.02,,,,,2.5,0.04
,,2.26,0.02,,,,,2.49,0.04
,,2.26,0.02,,,,,2.49,0.04
,,2.26,0.02,,,,,2.48,0.04
,,2.25,0.02,,,,,2.48,0.04
,,2.25,0.02,,,,,2.48,0.04
,,2.25,0.02,,,,,2.47,0.04
,,2.24,0.02,,,,,2.47,0.04
,,2.24,0.02,,,,,2.46,0.03
,,2.23,0.02,,,,,2.46,0.03
,,2.23,0.02,,,,,2.45,0.03
,,,,,,,,2.45,0.03
,,,,,,,,2.45,0.03
,,,,,,,,2.44,0.03
,,,,,,,,2.44,0.03
,,,,,,,,2.44,0.03
,,,,,,,,2.43,0.03
,,,,,,,,2.43,0.02
,,,,,,,,2.42,0.02
,,,,,,,,2.42,0.02
,,,,,,,,2.42,0.02
,,,,,,,,2.41,0.02
,,,,,,,,2.41,0.02
,,,,,,,,2.4,0.02
,,,,,,,,2.4,0.02
,,,,,,,,2.4,0.02
,,,,,,,,2.39,0.01
,,,,,,,,2.39,0.01
,,,,,,,,2.38,0.01
,,,,,,,,2.38,0.01
,,,,,,,,2.38,0.01
,,,,,,,,2.37,0.01
,,,,,,,,2.37,0.01
,,,,,,,,2.36,0.01
,,,,,,,,2.36,0.01
,,,,,,,,2.36,0.01
,,,,,,,,2.35,0.01
,,,,,,,,2.35,0.01
,,,,,,,,2.34,0.01
,,,,,,,,2.34,0.01
,,,,,,,,2.34,0.02
,,,,,,,,2.33,0.02
,,,,,,,,2.33,0.02
,,,,,,,,2.32,0.02
,,,,,,,,2.32,0.02
,,,,,,,,2.32,0.02
,,,,,,,,2.31,0.02
,,,,,,,,2.31,0.02
,,,,,,,,2.31,0.02
,,,,,,,,2.3,0.02
,,,,,,,,2.3,0.02
,,,,,,,,2.29,0.02
,,,,,,,,2.29,0.02
,,,,,,,,2.29,0.02
,,,,,,,,2.28,0.02
,,,,,,,,2.28,0.02
,,,,,,,,2.27,0.02
,,,,,,,,2.27,0.02
,,,,,,,,2.26,0.02
,,,,,,,,2.26,0.02
,,,,,,,,2.26,0.02
,,,,,,,,2.25,0.02
,,,,,,,,2.25,0.02
,,,,,,,,2.25,0.02
,,,,,,,,2.24,0.01
,,,,,,,,2.24,0.01
,,,,,,,,2.23,0.01
,,,,,,,,2.23,0.01
,,,,,,,,2.23,0.01
,,,,,,,,2.22,0.01
,,,,,,,,2.22,0.01
,,,,,,,,2.21,0.01
,,,,,,,,2.21,0.01
,,,,,,,,2.21,0.01
,,,,,,,,2.2,0.01
,,,,,,,,2.2,0
,,,,,,,,2.19,0
,,,,,,,,2.19,0
,,,,,,,,2.18,0
,,,,,,,,2.18,0
,,,,,,,,2.18,0
,,,,,,,,2.17,0
